-0.6946377,12.680544,0.50395286
5.012288,11.264028,0.95342433
4.903325,10.882658,-0.08172209
-0.61291564,18.496431,3.0237172
-1.1849703,12.108489,7.205164
1.3756552,-2.4925237,-6.510526
-0.61291564,10.56939,5.706926
-0.50395286,13.947236,7.0553403
-8.430995,11.413852,5.134871
0.95342433,1.3756552,1.6480621
-8.19945,19.57244,2.7240696
1.4165162,5.7886477,2.982856
-1.879608,-2.982856,-0.29964766
-6.1291566,6.851035,-8.158588
5.829509,18.0061,8.539958
6.2789803,2.982856,2.9147544
-1.56634,8.308413,-1.4573772
3.5276701,13.593107,9.425281
-2.0294318,-5.706926,-10.18802
2.7649305,10.337844,-9.724928
3.568531,13.6748295,1.5390993
-0.50395286,3.8681788,3.718355
-2.3018389,1.6889231,0.08172209
-3.568531,19.57244,6.510526
-0.8036005,-3.2961242,-4.630918
0.50395286,10.841797,13.525005
5.706926,15.595298,6.1700177
-8.662541,7.273266,4.0180025
-1.334794,1.2258313,2.3699405
-4.5900574,19.57244,4.7126403
3.8681788,3.759216,0.84446156
-1.7978859,1.5390993,8.730643
7.668256,11.264028,-1.3075534
-2.3699405,14.2877445,8.281172
2.7240696,1.4573772,0.88532263
-3.5957718,18.659876,-0.6537767
3.9499009,4.140586,3.990762
0.46309182,-2.4108016,2.4108016
3.7864566,14.137921,-3.1463003
3.336985,19.231932,6.5513873
5.6660647,3.7864566,0.53119355
0.23154591,0.7627395,0.7627395
-4.8216033,19.57244,8.158588
1.8387469,-1.1168685,-2.7921712
-3.2961242,10.079058,13.824653
11.604536,17.079916,1.334794
-3.173541,14.015338,5.706926
0.61291564,1.1168685,2.5606253
-7.8861814,19.57244,1.9885708
3.1463003,5.243834,4.671779
-3.0237172,-4.3312707,-3.336985
-0.08172209,11.917805,-7.8861814
-1.0351465,14.818938,4.6036777
-2.4516625,2.5333846,3.486809
-1.3756552,2.070293,-0.19068487
-2.4925237,19.57244,6.469665
1.4573772,-5.243834,-4.372132
-1.4165162,9.80665,5.7477865
-1.2666923,14.709975,6.2108784
-3.6774938,3.173541,3.7864566
1.8387469,2.7649305,-1.7570249
-1.2666923,19.313654,6.3198414
2.4108016,-7.6546354,-6.1291566
-0.61291564,16.358038,4.944186
0.040861044,17.502148,2.5333846
-7.6546354,7.8180795,4.372132
-1.2666923,0.7218784,0.8036005
-5.012288,19.57244,5.5162406
1.9477097,2.7921712,2.070293
-5.053149,1.6480621,7.6273947
9.384419,13.443283,1.0351465
-5.434519,13.211738,6.4424243
-0.61291564,1.879608,1.4165162
4.7126403,-6.5513873,-6.0201936
-1.7570249,9.302697,-6.428804
-0.9125633,10.501288,-0.27240697
2.6014864,19.381754,4.440233
5.7886477,3.214402,1.1441092
-1.9885708,12.4489975,-2.7240696
1.4165162,16.780268,8.471856
0.42223078,-8.267551,-7.3549876
-3.568531,10.95076,-0.8036005
-4.671779,11.727119,0.38136974
-2.1383946,1.6889231,3.5276701
-1.334794,2.4925237,-0.3405087
-2.9147544,19.57244,7.5865335
3.5276701,-3.9499009,-1.920469
-4.0588636,10.038197,14.2877445
7.5865335,13.33432,3.8681788
-5.175732,14.1787815,5.5162406
1.1849703,2.1111538,2.2201166
-3.718355,19.463476,-0.8036005
3.173541,6.510526,4.2086873
-1.7297841,-5.6252036,-4.3312707
0.84446156,12.980191,11.563675
2.7649305,17.352324,7.7363577
2.3426998,15.894946,3.6774938
4.7943625,3.8273177,0.9942854
-1.8387469,12.830367,-1.56634
5.366417,14.410328,6.742072
2.1111538,0.27240697,2.6423476
4.2086873,11.454713,7.6273947
-5.134871,9.00305,-3.173541
3.0237172,7.164303,0.08172209
2.070293,3.486809,1.7570249
-3.1054392,4.862464,-0.040861044
-4.399372,19.531578,5.053149
4.7535014,-3.2961242,-2.1383946
-0.6946377,-7.6273947,-7.8180795
-2.8330324,6.5513873,-7.9679036
-0.8036005,10.460427,0.23154591
-3.214402,3.0645783,3.255263
-2.8738933,3.5957718,0.10896278
-4.4810944,19.504337,5.9793324
2.7921712,-1.7570249,0.19068487
-4.7535014,4.2086873,11.141444
-1.56634,3.759216,3.255263
-3.214402,2.9556155,0.7627395
-2.6423476,19.57244,8.008764
0.5720546,-1.4982382,-0.38136974
-1.525479,-7.7363577,-8.580819
-4.7535014,18.537292,-3.1054392
1.7978859,14.410328,1.0760075
-0.8036005,3.255263,3.990762
-1.2258313,3.990762,0.8036005
-4.630918,19.57244,6.3607025
1.9885708,-1.3756552,-0.5720546
-4.630918,1.920469,8.281172
12.299174,17.883516,5.325556
0.9942854,15.241169,5.325556
1.0351465,1.7570249,1.9885708
-9.384419,19.57244,0.10896278
2.9556155,5.597963,4.630918
-2.3699405,-5.366417,-2.7513103
-1.879608,10.882658,-7.7772183
1.1168685,18.496431,3.5957718
5.012288,4.372132,1.334794
-3.336985,16.589584,-4.671779
-6.891896,19.57244,6.238119
3.3778462,-0.6537767,2.3018389
-2.1383946,15.554437,4.372132
5.284695,1.6480621,-0.29964766
-9.425281,18.959524,-4.903325
2.070293,19.57244,8.008764
1.6480621,-2.6014864,-1.4573772
-1.56634,-7.7772183,-9.112013
-6.932757,13.33432,-6.3198414
-4.140586,12.871228,-0.84446156
3.0237172,2.3699405,2.0294318
-1.9885708,5.9793324,0.040861044
2.9556155,19.57244,7.6273947
1.7297841,-5.325556,-2.7513103
-0.42223078,14.1787815,9.888372
3.1463003,17.24336,5.407278
-0.5720546,18.727978,4.671779
5.5162406,3.7864566,1.1849703
-4.3312707,15.6634,-3.445948
5.5571017,14.709975,7.43671
0.50395286,-7.7772183,-8.921328
-4.7126403,6.891896,-11.032481
-1.7297841,8.962189,-2.1111538
-3.214402,3.486809,3.6774938
-2.3018389,0.84446156,1.3075534
-4.7943625,18.428331,-4.9850473
4.0588636,14.628253,9.00305
1.6889231,-0.7218784,1.3075534
2.2609777,15.213928,7.5865335
2.2609777,18.578154,4.630918
5.597963,4.630918,-0.08172209
-2.070293,1.8387469,1.0351465
-5.706926,19.57244,6.4015636
1.6889231,-1.9885708,0.42223078
-3.1463003,0.23154591,5.597963
5.7477865,15.28203,1.0351465
2.4516625,19.340895,5.366417
5.706926,4.2086873,1.56634
-3.5276701,8.049625,-0.61291564
5.284695,16.358038,9.112013
0.08172209,-6.701211,-7.5456724
-6.5513873,17.011814,-4.372132
-0.23154591,15.5135765,0.8036005
-4.5628166,4.0180025,3.0645783
-0.50395286,0.6946377,-0.27240697
-0.50395286,19.57244,7.6954966
0.313268,-2.1792557,-2.1111538
-1.9477097,6.701211,11.686258
7.1234417,16.276316,2.8330324
2.152015,18.727978,4.8216033
-9.00305,5.407278,2.7921712
5.706926,4.7126403,0.6537767
-7.014479,17.270601,-6.3198414
7.9270425,12.830367,7.6273947
-0.0,-6.742072,-8.349273
-3.2961242,2.5606253,9.575105
6.5513873,16.86199,2.2201166
-0.95342433,17.052675,4.4810944
3.2961242,4.2904096,0.08172209
-6.510526,18.115063,-5.8567495
5.9793324,10.501288,7.1234417
-0.5720546,-6.1291566,-9.112013
-5.012288,13.021052,-5.7477865
1.920469,15.785983,1.4165162
2.7921712,3.1463003,1.4165162
-0.95342433,8.008764,-0.42223078
-10.079058,19.57244,-1.7570249
4.372132,5.8567495,5.5162406
-1.3075534,-4.2086873,-7.082581
0.38136974,14.2877445,-3.568531
3.1054392,19.082108,5.012288
2.4516625,4.7943625,1.7978859
-1.2258313,9.656827,-1.56634
3.8273177,18.04696,6.851035
0.08172209,-7.8861814,-8.19945
-1.525479,17.352324,-1.8387469
-1.4573772,14.056199,2.982856
-6.701211,4.5628166,3.1054392
-1.56634,1.2666923,0.88532263
-0.95342433,19.57244,8.349273
-0.9125633,-3.9499009,-2.982856
-2.0294318,11.413852,15.4046135
7.8589406,18.700737,6.0882955
-1.1441092,16.548723,6.742072
4.1814466,3.8681788,-0.14982383
-3.5276701,18.087822,-3.8681788
5.6252036,9.084772,6.6331096
2.2201166,-5.8158884,-10.106298
-9.193735,3.568531,-6.238119
3.173541,15.241169,1.6480621
5.284695,3.405087,1.2258313
1.4573772,10.501288,-1.4165162
3.5276701,19.19107,4.903325
1.7297841,-10.61025,-11.536434
-6.5922484,14.410328,-8.812365
-8.880466,5.9793324,4.2904096
-2.7240696,3.405087,2.2201166
-8.689782,19.57244,8.349273
4.944186,8.62168,5.7886477
-1.1168685,-6.0474343,-9.888372
-1.6480621,14.519291,1.7978859
-2.5606253,8.771504,-1.334794
-13.565866,5.5162406,4.2086873
-0.88532263,2.9556155,0.61291564
-4.5900574,19.57244,8.539958
1.334794,-3.173541,-2.7921712
0.08172209,15.854085,12.067628
-2.4925237,10.61025,-0.7218784
-12.762266,7.205164,4.4810944
-0.5720546,2.7649305,1.0351465
-6.3198414,19.57244,9.575105
0.5720546,-3.3642259,-0.5720546
0.50395286,15.826844,15.745122
-2.9147544,6.0201936,-2.982856
-11.985906,5.938472,4.140586
-0.14982383,4.0588636,-0.14982383
-1.7297841,19.57244,4.7943625
1.9885708,-6.3607025,-6.0474343
-1.56634,-1.607201,-0.040861044
-4.7943625,19.15021,1.4982382
2.982856,16.86199,1.920469
-6.3198414,5.5571017,3.486809
-0.7627395,2.3699405,0.313268
-2.6832085,18.700737,7.9270425
1.1441092,-5.8567495,-4.2904096
-2.6014864,18.196785,4.0180025
7.8861814,-2.2201166,-0.8036005
4.2086873,0.7627395,1.920469
-0.61291564,6.4015636,-0.61291564
0.42223078,-6.8237944,-10.460427
-8.049625,9.697687,-2.8738933
4.9850473,19.313654,1.6480621
1.7978859,4.0588636,2.9556155
4.140586,0.7627395,2.1792557
-0.10896278,7.7363577,-1.0351465
0.92618364,-0.23154591,2.8330324
-6.0474343,9.956474,15.826844
0.88532263,0.61291564,-4.862464
-4.3312707,7.164303,-0.10896278
-8.580819,7.3549876,4.2904096
0.46309182,2.6832085,1.6480621
-5.012288,19.422615,8.580819
-0.3405087,-5.243834,-3.445948
1.1441092,16.507862,11.645397
-1.1441092,4.6036777,-3.5957718
-10.923519,8.308413,3.5957718
0.84446156,2.6014864,1.7570249
-5.325556,18.891422,7.9270425
1.3075534,-0.10896278,2.7649305
-4.5219555,8.580819,12.789507
-6.973618,17.66559,-4.5628166
-1.334794,12.789507,-0.46309182
-0.38136974,12.067628,0.14982383
-4.8216033,19.15021,8.812365
0.5720546,-2.3426998,-0.27240697
-4.440233,11.304889,15.4046135
-0.38136974,3.1463003,-3.7864566
-13.593107,9.112013,4.0180025
1.2666923,0.8036005,2.3018389
-12.912089,19.463476,3.3778462
2.5606253,3.636633,3.9090397
-4.099725,0.53119355,3.7864566
11.073342,6.1291566,-1.9477097
-3.8681788,11.413852,5.2165933
7.0553403,2.3018389,0.84446156
-8.730643,19.531578,0.38136974
3.0645783,6.5922484,6.66035
-1.607201,-4.399372,-5.09401
4.2086873,-2.1383946,0.38136974
-2.6014864,10.038197,5.8567495
4.440233,18.959524,3.0645783
2.3699405,0.53119355,2.6014864
-2.7513103,-1.56634,2.070293
4.9850473,-8.921328,-4.5219555
1.7978859,15.704261,1.9477097
-11.9450445,7.9270425,3.486809
0.46309182,2.5606253,0.9942854
-3.5276701,18.578154,6.742072
0.8036005,-4.399372,-3.718355
-4.1814466,18.46919,9.915613
1.9477097,9.915613,-3.0645783
-12.53072,8.853226,3.568531
7.1234417,3.8681788,-0.23154591
2.7921712,-9.043911,-10.923519
-5.434519,17.965239,-7.273266
1.334794,-3.486809,-2.070293
-6.973618,6.0474343,3.445948
5.325556,2.8330324,0.6946377
-9.724928,19.57244,-2.4108016
3.214402,4.099725,4.8216033
-2.1111538,-0.5720546,1.56634
9.112013,0.88532263,-1.879608
-0.14982383,8.689782,3.759216
5.6660647,2.7649305,0.6946377
-8.158588,19.57244,-1.607201
3.9499009,5.325556,3.6774938
-0.10896278,-4.7126403,-5.243834
10.419566,7.164303,-2.1792557
-5.325556,9.234595,6.6331096
7.273266,2.6014864,1.4165162
-7.43671,19.57244,-1.607201
3.9499009,18.537292,5.7477865
3.3778462,-7.246025,-5.7886477
-8.880466,19.531578,3.173541
1.607201,16.358038,1.1849703
1.9885708,9.112013,5.5162406
5.9793324,3.718355,0.88532263
1.5390993,1.7570249,1.920469
-6.891896,19.57244,8.921328
0.42223078,-2.4925237,0.23154591
-2.3426998,14.941522,14.206022
-6.0201936,9.043911,-0.7627395
-10.991621,7.668256,4.5628166
1.56634,0.95342433,1.879608
-9.152874,19.57244,7.6273947
0.38136974,0.0,2.3426998
-4.671779,7.164303,11.536434
9.152874,5.09401,-0.10896278
-8.471856,9.043911,4.7126403
2.8738933,2.0294318,1.7570249
-10.106298,19.57244,2.152015
4.1814466,4.2086873,5.2165933
-5.284695,0.313268,1.4165162
11.114203,9.724928,1.334794
-1.4165162,12.258313,5.134871
8.771504,4.0588636,0.23154591
-1.334794,14.941522,-3.8273177
8.430995,10.269742,5.134871
-0.84446156,-6.0201936,-11.645397
0.6537767,5.7477865,-2.8738933
9.234595,15.472715,6.66035
3.7864566,5.407278,1.4573772
0.53119355,11.34575,-0.84446156
7.7772183,15.050485,6.8237944
-0.14982383,-7.7772183,-14.437569
-6.2108784,16.507862,-8.117727
8.662541,19.531578,5.053149
0.08172209,5.243834,3.568531
-0.84446156,4.862464,-0.7218784
-0.3405087,-5.325556,-10.106298
-3.486809,8.281172,-2.1111538
9.575105,15.6634,7.6954966
3.568531,4.0588636,1.1849703
-0.6946377,2.8738933,3.173541
-10.378705,19.57244,2.4516625
2.4516625,0.19068487,4.6036777
-5.6660647,6.8237944,8.771504
4.8216033,0.6537767,-2.982856
-5.09401,8.539958,4.8216033
8.430995,2.5606253,-1.0760075
-8.662541,19.531578,-0.0
3.445948,3.1054392,5.325556
-2.2609777,-1.56634,-4.3312707
4.2086873,-5.175732,-3.636633
7.273266,18.087822,5.7477865
0.38136974,4.5628166,3.0645783
-1.1441092,8.812365,-0.14982383
6.4424243,15.363752,6.851035
0.14982383,-9.084772,-12.830367
-6.782933,15.050485,-5.6660647
6.782933,19.531578,3.9499009
-6.782933,9.425281,2.982856
6.2789803,3.486809,-0.08172209
-2.1383946,3.7864566,-0.46309182
-2.5333846,19.57244,6.742072
0.5720546,-6.742072,-4.5219555
-7.6546354,19.313654,4.944186
5.7477865,18.8097,3.0645783
-10.038197,8.662541,1.56634
0.313268,2.3699405,2.4516625
-7.6273947,19.57244,10.378705
-1.56634,-2.6832085,0.53119355
-3.1463003,13.865514,15.595298
4.903325,8.240311,-1.525479
-11.073342,8.730643,2.8330324
-2.070293,2.6423476,0.9942854
-5.09401,19.57244,10.651112
0.9942854,-2.5333846,0.040861044
-0.95342433,8.580819,11.223166
1.0351465,-1.1168685,-2.4108016
-3.1463003,9.00305,3.405087
7.205164,1.3075534,-1.4165162
0.3405087,2.3699405,-0.08172209
-3.718355,19.57244,7.9679036
-0.38136974,-5.5571017,-3.568531
-5.47538,16.208214,7.014479
2.1111538,14.519291,0.10896278
-8.962189,6.851035,2.7921712
-1.0351465,2.070293,2.6014864
-11.032481,19.57244,8.812365
1.0351465,-0.46309182,2.2201166
-6.0201936,9.275456,4.5219555
-1.3075534,3.214402,2.7649305
1.2258313,3.759216,-1.3075534
0.92618364,19.531578,7.246025
1.4165162,-6.891896,-8.158588
-4.1814466,18.0061,4.7126403
2.070293,14.669114,0.61291564
-8.158588,9.80665,3.7864566
0.10896278,1.1441092,3.173541
3.445948,10.269742,-1.6889231
5.9793324,18.659876,5.8976107
0.38136974,-8.076866,-8.076866
-4.372132,19.57244,-0.5720546
6.3198414,19.231932,3.7864566
-2.5333846,6.0882955,3.0237172
0.50395286,2.6014864,-1.334794
-1.6480621,19.57244,7.4639506
-4.2495484,10.651112,15.132206
5.5571017,2.152015,-1.2258313
-10.337844,9.425281,4.372132
5.829509,1.6889231,1.3756552
7.43671,17.311462,5.7886477
0.313268,0.61291564,3.255263
-6.851035,17.311462,-6.0201936
10.800936,19.531578,4.0588636
-3.1054392,4.8216033,2.3426998
0.08172209,0.38136974,0.7218784
-6.1291566,19.57244,10.923519
-1.4165162,-1.7570249,0.040861044
-2.8330324,11.686258,16.167353
1.9885708,-0.50395286,-3.718355
-12.871228,8.008764,3.6774938
1.0351465,0.9942854,3.336985
-14.246883,19.57244,5.938472
-0.7218784,-0.46309182,2.9556155
-5.175732,7.8589406,12.53072
3.568531,-4.3312707,-3.1463003
-11.304889,8.076866,4.0588636
2.4108016,1.7297841,0.3405087
-7.164303,19.531578,-2.9556155
7.6954966,10.18802,5.284695
1.8387469,-7.1234417,-12.912089
-3.636633,13.021052,-8.921328
6.851035,18.305748,6.782933
1.2666923,4.2086873,2.152015
2.8738933,0.10896278,2.3426998
-0.42223078,-8.308413,-13.211738
-2.6014864,7.0553403,10.61025
1.7297841,17.052675,5.8567495
0.61291564,5.6252036,-2.4516625
-7.3958488,4.944186,5.09401
-1.1441092,0.61291564,2.8738933
-11.182305,19.504337,9.765789
-1.1168685,-0.5720546,2.6832085
-8.049625,2.7240696,3.1463003
8.281172,13.988097,1.7297841
4.9850473,14.015338,6.891896
3.636633,3.3778462,1.1168685
-2.4925237,15.554437,-0.38136974
4.7535014,8.19945,5.5162406
1.0351465,-5.202973,-8.049625
-2.2201166,12.871228,-2.4108016
10.269742,19.340895,3.445948
-0.7218784,6.0201936,4.399372
-2.3018389,5.9793324,-1.334794
-2.1111538,19.57244,5.6660647
-0.27240697,-6.0882955,-3.5957718
-3.5957718,13.797412,15.6634
3.405087,3.1054392,-3.9499009
5.8567495,19.57244,6.4015636
-2.3426998,5.2165933,3.636633
0.7218784,6.2789803,-0.8036005
2.7921712,16.780268,6.2108784
1.607201,-8.812365,-10.419566
-9.534244,17.62473,-4.5900574
11.75436,0.27240697,-1.3075534
0.50395286,1.7570249,3.5276701
-14.015338,19.57244,5.434519
1.8387469,1.334794,4.8216033
-4.372132,4.0588636,6.510526
-7.504812,18.959524,-3.5276701
2.2201166,14.982383,-3.759216
7.8180795,15.322891,4.7126403
-0.29964766,-0.6537767,2.9147544
-4.3312707,6.5513873,7.9270425
5.134871,0.19068487,-4.7943625
-3.9090397,7.7772183,4.5219555
8.471856,3.255263,0.313268
-4.140586,18.278507,-3.718355
6.782933,8.853226,5.2165933
1.334794,-7.5456724,-12.598822
-5.134871,13.906375,-6.0882955
7.8589406,19.504337,4.7943625
2.7240696,4.2495484,1.5390993
-0.7218784,6.3198414,-0.50395286
-11.3321295,19.504337,7.0553403
0.9942854,-1.1849703,2.6423476
-5.8976107,8.308413,10.841797
6.891896,6.0882955,0.3405087
-2.3699405,9.615966,4.7535014
4.1814466,3.568531,0.6537767
-5.434519,19.57244,-1.9885708
6.469665,3.3778462,4.2495484
-1.1441092,-4.5219555,-10.337844
-5.325556,19.381754,-4.3312707
6.6331096,-5.9793324,-3.1054392
-0.5720546,7.9270425,3.405087
6.6331096,2.8330324,-1.3075534
-2.9556155,18.578154,-3.9499009
7.6273947,6.6331096,5.09401
0.08172209,-6.782933,-7.7772183
-4.140586,14.818938,0.6537767
0.27240697,15.4046135,2.8738933
-11.141444,6.973618,2.8330324
0.8036005,2.7649305,-0.84446156
-2.4925237,19.231932,7.7772183
-0.50395286,-4.9850473,-1.3756552
-3.5276701,16.657684,12.026767
-0.19068487,13.021052,0.08172209
-11.876944,7.5456724,3.214402
-0.7218784,2.7921712,1.607201
-3.1463003,19.272793,9.152874
-1.0760075,-5.012288,-3.445948
-5.5162406,17.965239,7.0553403
2.7649305,17.856276,0.9942854
-9.724928,7.246025,2.8330324
0.38136974,1.1441092,1.1441092
-5.6660647,19.422615,9.575105
0.08172209,-5.325556,-2.8738933
-4.2086873,15.976667,8.62168
10.079058,5.706926,3.3778462
0.7627395,12.639683,6.4424243
-3.6774938,6.0201936,4.440233
-2.6423476,0.88532263,-0.7218784
-6.0882955,18.8097,7.7363577
-0.53119355,-6.428804,-5.434519
-2.982856,15.023244,1.6480621
0.8036005,14.669114,-0.23154591
-10.460427,8.771504,2.3426998
-1.0351465,2.4925237,2.9556155
-12.789507,19.313654,10.691973
1.1441092,-3.214402,1.7297841
-6.6331096,11.182305,15.023244
2.5606253,8.117727,0.08172209
-9.724928,8.812365,4.7535014
1.3756552,2.5333846,3.5276701
-13.0619135,19.531578,6.0882955
2.7921712,-0.95342433,3.5276701
2.7649305,3.3778462,2.4925237
-1.7570249,2.2609777,-0.42223078
-9.724928,19.381754,9.152874
-0.0,-3.214402,1.334794
-2.7513103,9.615966,12.4489975
-11.795221,12.721405,-6.428804
2.0294318,17.474907,0.95342433
-10.460427,5.2165933,3.214402
0.23154591,1.3075534,1.4573772
-8.62168,19.57244,11.563675
-0.53119355,0.46309182,1.5390993
-4.0588636,12.299174,15.595298
-0.53119355,3.214402,-3.173541
-9.112013,8.539958,3.759216
6.973618,2.070293,0.27240697
1.3075534,3.173541,-0.61291564
-1.1168685,2.6423476,8.076866
-0.9942854,3.0237172,8.308413
-1.0760075,3.445948,8.049625
-1.0760075,5.2165933,6.891896
-0.7627395,9.00305,2.6832085
-0.19068487,9.193735,3.5957718
0.7218784,8.853226,4.440233
1.4982382,8.076866,4.399372
0.27240697,6.742072,5.053149
0.23154591,6.0201936,4.671779
-1.56634,12.408136,1.5390993
-0.42223078,9.234595,3.255263
5.7886477,16.276316,4.630918
2.1792557,15.241169,5.434519
-0.27240697,2.6832085,1.4573772
-2.070293,17.352324,-0.42223078
2.1111538,19.57244,8.158588
0.5720546,-2.7921712,-2.4108016
0.08172209,9.425281,5.9793324
3.9090397,15.6634,0.9942854
0.84446156,17.502148,7.504812
1.1441092,3.9499009,3.5276701
1.7570249,0.7627395,0.92618364
-3.5276701,18.918663,-1.4165162
3.0645783,11.372991,6.0201936
-1.7297841,-7.082581,-9.152874
-2.6014864,4.944186,4.7943625
-3.8681788,9.765789,-5.243834
4.372132,17.393185,2.7649305
-2.1383946,7.082581,3.759216
0.8036005,2.3018389,1.3756552
-3.8681788,19.57244,5.6660647
0.7218784,3.2961242,3.0645783
-1.4982382,-9.534244,-11.454713
-1.9885708,3.718355,4.1814466
-0.61291564,8.771504,-6.2789803
9.084772,19.313654,7.014479
5.366417,3.759216,2.8330324
-1.9885708,16.630445,-3.7864566
-2.4925237,19.57244,6.510526
1.56634,-2.3018389,-1.3756552
-4.7943625,-3.8273177,-7.3549876
-5.366417,13.443283,-7.4639506
11.563675,19.313654,6.5922484
0.040861044,4.630918,4.4810944
3.5276701,2.6014864,1.1168685
-2.7513103,16.589584,-3.3642259
6.0474343,15.050485,4.140586
-2.8738933,-8.921328,-11.114203
1.7297841,13.525005,10.95076
-10.882658,11.958665,-6.782933
5.8976107,19.531578,4.862464
-1.1441092,5.243834,4.7535014
3.1463003,2.6014864,1.9885708
-3.255263,18.578154,-3.5276701
5.8567495,8.240311,4.1814466
-3.405087,-3.759216,-6.469665
-7.9679036,11.686258,-4.0180025
12.067628,17.856276,6.932757
-6.2108784,10.841797,2.7240696
6.3607025,1.7570249,1.879608
2.4925237,3.8273177,1.7978859
-2.8330324,1.6480621,1.0760075
0.6946377,18.768839,1.7978859
-3.173541,-1.8387469,-6.2789803
-4.9850473,-6.782933,-10.106298
2.4108016,11.836082,13.443283
-8.158588,6.701211,-8.812365
5.366417,1.3756552,1.9885708
-1.56634,5.5162406,-1.6480621
-6.66035,19.57244,-2.1383946
5.407278,18.727978,6.1700177
1.3075534,9.302697,-3.255263
2.9147544,18.34661,0.14982383
-5.053149,14.056199,4.2086873
3.5957718,19.381754,5.325556
2.2201166,-8.076866,-8.730643
5.09401,16.317177,9.234595
5.053149,13.756551,-1.525479
6.3607025,15.826844,6.2108784
-8.580819,13.375181,3.636633
2.6832085,3.0237172,4.3312707
6.782933,13.565866,3.3778462
3.445948,18.04696,0.53119355
-2.1111538,7.5865335,5.366417
1.1168685,9.534244,-3.0237172
7.43671,19.531578,2.7649305
-4.2904096,12.571581,6.701211
4.5219555,4.671779,5.175732
5.434519,8.117727,3.1054392
-2.3018389,-8.308413,-8.853226
4.0180025,8.430995,0.5720546
8.771504,17.774553,-2.3699405
3.9499009,17.815414,7.8180795
-0.19068487,3.405087,4.7126403
0.95342433,14.2877445,-4.0180025
9.084772,15.745122,5.6252036
-0.08172209,-0.5720546,0.88532263
-0.6946377,12.408136,10.841797
12.14935,8.008764,-4.9850473
2.9556155,15.431854,7.8589406
-2.982856,6.2108784,4.5628166
6.782933,2.9147544,1.7978859
-0.9942854,18.155924,-3.1463003
8.117727,5.6252036,3.1054392
-7.246025,-0.10896278,-2.3699405
7.5456724,14.669114,8.19945
1.920469,9.888372,-5.366417
9.507003,15.132206,8.117727
10.528529,2.070293,1.4165162
2.1792557,15.363752,-5.366417
-7.43671,19.57244,6.4424243
13.947236,18.305748,5.6252036
-8.539958,8.812365,4.862464
9.888372,1.607201,0.46309182
0.7627395,6.3198414,-6.4015636
13.525005,18.38747,5.7886477
4.3312707,1.7570249,3.2961242
3.486809,19.57244,5.829509
-2.7513103,-5.284695,-4.8216033
7.164303,15.636159,11.876944
-0.6537767,5.8567495,-7.082581
-4.630918,11.114203,6.1700177
2.6423476,5.012288,3.8681788
1.4165162,3.568531,0.53119355
1.4982382,19.57244,7.668256
7.3549876,13.021052,2.9147544
4.7126403,17.270601,-0.53119355
6.510526,14.328606,8.471856
10.337844,2.4516625,1.2258313
1.4165162,15.554437,-0.7218784
10.651112,18.619015,6.0201936
8.812365,1.607201,2.7649305
5.325556,19.463476,4.440233
1.4982382,3.3778462,4.140586
-3.9771416,3.405087,3.336985
10.038197,16.467001,8.281172
-6.1700177,9.275456,3.5957718
0.95342433,2.6014864,4.2904096
-4.862464,-9.084772,-10.501288
2.982856,15.4046135,2.6014864
0.5720546,-2.4108016,-7.1234417
-0.61291564,11.264028,6.701211
10.228881,2.152015,1.7297841
1.8387469,2.9147544,3.0645783
9.615966,16.126492,4.372132
-4.7126403,14.1787815,-0.29964766
8.349273,19.231932,4.7535014
-5.09401,7.164303,2.8738933
8.158588,2.1111538,1.9885708
-0.38136974,1.7978859,1.7570249
1.4573772,14.628253,-2.5333846
4.0588636,18.087822,7.5865335
10.56939,1.9477097,2.3018389
1.9477097,2.1111538,3.1463003
-4.5219555,-11.495573,-12.639683
1.4165162,16.249075,-0.61291564
1.0760075,4.7943625,4.372132
5.2165933,1.920469,1.920469
2.2609777,9.00305,-4.671779
-6.238119,10.56939,4.7126403
3.8273177,0.50395286,2.152015
1.607201,4.2904096,1.6889231
6.1291566,8.812365,3.8273177
-4.0588636,-1.9477097,-3.759216
0.84446156,14.015338,7.9679036
-0.9125633,6.0201936,5.366417
8.240311,16.43976,5.7886477
9.302697,19.504337,3.718355
3.6774938,4.2495484,4.7535014
2.8738933,2.0294318,3.568531
6.5922484,5.706926,4.2904096
-6.782933,-4.5628166,-6.701211
-12.680544,8.390134,-6.0882955
3.8681788,11.645397,-1.7297841
13.102775,18.619015,6.1291566
-9.615966,9.888372,3.445948
1.2666923,8.580819,-1.2666923
10.378705,16.017529,4.4810944
-0.53119355,-0.3405087,1.1168685
7.014479,18.578154,1.9885708
1.879608,13.33432,8.008764
9.915613,0.50395286,1.1168685
5.434519,4.2086873,-5.407278
7.8180795,19.504337,2.0294318
0.7218784,19.57244,6.0882955
-4.2495484,-6.5513873,-5.597963
-5.47538,9.275456,3.0237172
9.915613,2.1111538,2.6423476
4.862464,13.443283,12.258313
-7.04172,11.604536,5.134871
3.718355,3.9090397,4.9850473
2.9556155,5.938472,-0.19068487
6.3198414,12.258313,3.5957718
-6.3607025,-4.1814466,-7.082581
-9.997335,12.14935,-2.2201166
11.032481,16.467001,5.6660647
4.2495484,4.2904096,5.407278
4.944186,2.2609777,2.4516625
-6.510526,19.57244,-2.982856
7.6273947,8.62168,2.982856
-6.66035,-2.5333846,-5.09401
5.9793324,14.206022,5.8567495
3.9090397,12.871228,-2.9556155
11.454713,18.38747,5.9793324
8.539958,3.718355,4.2086873
1.4165162,9.084772,-0.14982383
-7.273266,19.57244,6.2789803
-2.7513103,-2.4925237,-1.3075534
-6.8237944,-5.7477865,-9.765789
5.6252036,16.08563,11.604536
-11.073342,9.915613,-4.5219555
-1.607201,11.34575,2.2201166
6.510526,4.5628166,4.399372
-0.8036005,19.272793,-3.3642259
-3.214402,19.57244,4.671779
-2.9147544,-6.2789803,-3.8273177
3.8681788,16.017529,9.915613
10.841797,8.390134,-5.9793324
6.8237944,19.381754,0.23154591
3.1463003,3.5957718,7.6954966
-0.08172209,5.706926,0.50395286
5.7477865,19.504337,5.325556
-5.5162406,-9.00305,-10.61025
7.9270425,12.680544,3.3778462
2.4925237,15.595298,-2.070293
-0.6537767,13.525005,7.3958488
11.182305,2.1792557,2.070293
4.6036777,7.6273947,-5.8158884
9.152874,16.358038,10.119919
-5.5162406,-1.9477097,-5.09401
7.43671,10.269742,1.7978859
-8.662541,10.119919,0.23154591
4.903325,1.607201,2.3426998
-3.5276701,18.959524,-2.1111538
7.43671,11.454713,2.9556155
3.718355,11.304889,-3.759216
11.876944,19.231932,4.7126403
4.7126403,0.53119355,3.486809
2.4925237,9.343558,-1.4573772
1.3756552,16.017529,-2.7240696
11.141444,17.583868,6.3198414
-11.304889,19.57244,3.9499009
12.026767,19.082108,5.09401
0.10896278,14.818938,-3.9771416
14.818938,17.62473,5.938472
8.049625,3.9499009,5.243834
4.6036777,1.4982382,2.3699405
-3.6774938,11.372991,-1.4165162
5.325556,3.9499009,-4.903325
6.4015636,19.109348,0.6537767
5.5571017,14.056199,7.246025
-8.921328,19.57244,0.61291564
5.938472,19.504337,4.630918
0.46309182,4.5219555,3.486809
13.0619135,19.422615,2.8330324
1.9477097,4.903325,3.9499009
6.8237944,1.1441092,3.0237172
-3.214402,1.7978859,2.152015
3.2961242,14.669114,-0.3405087
9.697687,17.474907,5.7886477
-7.3549876,10.651112,4.1814466
5.829509,2.7649305,2.3426998
7.6954966,18.891422,4.2495484
1.0760075,-9.575105,-10.310603
2.982856,7.9679036,-0.040861044
2.070293,17.924377,-1.1441092
10.528529,17.474907,6.782933
-8.812365,11.876944,5.366417
1.5390993,13.184497,-1.7570249
-8.853226,19.57244,2.7921712
0.27240697,5.706926,3.5957718
1.1849703,7.205164,-3.718355
-1.525479,13.443283,5.6660647
1.9885708,5.175732,4.3312707
-0.6537767,8.853226,-2.6832085
-5.597963,11.34575,4.630918
8.008764,3.0645783,3.9090397
3.486809,1.8387469,4.099725
2.1792557,6.851035,4.2904096
15.173067,17.856276,2.7649305
-1.525479,10.95076,6.0201936
-1.56634,9.724928,4.862464
-2.2201166,-5.407278,-4.2904096
-7.4639506,-0.23154591,-2.3426998
-6.0474343,12.598822,-2.9556155
4.671779,13.184497,-1.879608
-6.701211,11.917805,4.9850473
2.6832085,19.57244,4.0180025
-1.9885708,15.241169,-2.2609777
1.2666923,1.0351465,-6.0474343
-6.238119,11.563675,3.718355
9.384419,1.9477097,1.3756552
9.193735,19.531578,2.8738933
3.1463003,6.66035,5.407278
4.0180025,3.486809,4.7126403
0.14982383,5.5571017,-0.0
-3.214402,-4.9850473,-4.140586
5.2165933,15.322891,7.205164
2.4516625,7.273266,-4.3312707
7.9679036,15.935807,4.903325
-6.66035,12.340035,3.718355
4.7943625,2.3426998,3.568531
-11.073342,19.57244,0.27240697
-5.325556,8.962189,-3.718355
12.789507,16.208214,5.09401
-6.1291566,14.560152,5.134871
6.4015636,3.718355,4.862464
0.61291564,19.381754,6.1291566
-3.568531,-2.7513103,-1.4165162
-1.1849703,14.015338,11.958665
7.8861814,7.3958488,-4.099725
-0.8036005,12.14935,7.668256
-0.84446156,6.5922484,4.630918
3.7864566,2.9556155,2.9147544
1.6480621,17.011814,-4.3312707
-2.8330324,19.57244,6.701211
-3.5276701,-3.568531,-1.1168685
1.0760075,15.431854,12.912089
8.771504,8.240311,-2.4108016
3.6774938,17.965239,1.7978859
-2.070293,9.724928,3.5957718
9.534244,2.2201166,1.2666923
2.1792557,13.0619135,-3.5276701
-1.920469,10.337844,-2.5333846
7.668256,15.363752,7.246025
-3.9499009,11.223166,4.7943625
10.991621,1.7570249,2.4108016
9.384419,17.24336,6.510526
3.636633,10.651112,2.4925237
3.3778462,9.00305,-4.0588636
-0.7627395,12.108489,-0.8036005
1.4982382,3.1054392,0.46309182
-6.5513873,19.57244,5.47538
12.176591,19.000385,4.372132
5.053149,9.888372,1.6889231
-1.2258313,13.715691,-2.4925237
15.322891,17.352324,4.862464
9.80665,18.196785,4.140586
-0.50395286,2.7240696,4.3312707
-3.9090397,15.6634,-3.568531
11.686258,18.196785,5.09401
1.3075534,13.184497,-1.56634
14.601013,17.352324,5.407278
7.8180795,3.759216,4.671779
3.718355,2.3018389,3.9090397
4.2495484,19.531578,4.7126403
-1.3756552,-7.164303,-5.012288
-6.973618,0.8036005,-2.5333846
3.7864566,9.80665,-0.95342433
2.1792557,12.721405,-1.6480621
12.9529505,17.856276,6.2789803
5.5571017,-0.08172209,3.1463003
-7.3958488,19.57244,-1.4573772
5.134871,19.272793,5.325556
-0.5720546,-3.336985,-0.0
5.938472,19.231932,3.1463003
-7.1234417,10.18802,5.829509
-10.651112,5.284695,-7.504812
3.173541,18.891422,1.4982382
-0.6537767,14.246883,6.3198414
12.980191,15.5135765,3.8681788
-3.255263,-6.6331096,-2.6014864
10.310603,17.24336,6.4015636
10.991621,3.8681788,2.8738933
1.879608,2.5606253,5.2165933
8.853226,12.026767,-2.6014864
7.3141265,19.041246,4.399372
7.5456724,4.1814466,3.9090397
0.53119355,8.499097,0.27240697
11.563675,14.206022,3.636633
-7.9679036,-7.3549876,-12.367276
-8.240311,12.258313,-3.0645783
12.408136,19.463476,2.982856
-6.2108784,11.114203,4.671779
10.228881,1.4573772,1.5390993
-0.61291564,18.0061,-5.6252036
-1.3075534,19.57244,5.012288
-3.3642259,-4.7535014,-2.7921712
-4.0588636,14.1787815,-0.19068487
3.255263,6.782933,-2.8738933
-3.718355,14.09706,-4.2904096
6.2108784,3.5957718,-2.1383946
7.3141265,19.109348,-0.61291564
2.0294318,14.859799,-3.173541
-11.645397,19.57244,5.284695
-5.134871,-7.8861814,-6.428804
8.894087,11.495573,-5.8976107
-7.43671,12.639683,6.469665
8.240311,1.6480621,0.61291564
3.1054392,2.4516625,2.5606253
-6.238119,-3.5276701,-5.325556
5.012288,8.158588,-4.372132
11.182305,18.537292,4.2904096
6.851035,1.2666923,1.6480621
12.4489975,11.836082,3.990762
-5.8976107,11.645397,-3.405087
-4.903325,13.143636,3.990762
3.990762,6.469665,6.238119
-7.9270425,13.633968,-9.302697
13.593107,17.856276,3.0645783
4.140586,4.5628166,6.782933
8.962189,-0.10896278,2.7649305
6.5513873,8.62168,4.3312707
12.217452,18.8097,4.372132
3.0237172,5.284695,5.829509
1.0760075,2.3018389,-0.3405087
-7.3958488,19.531578,-2.3426998
9.384419,10.61025,-3.3642259
7.504812,19.531578,1.9885708
12.367276,16.739407,5.597963
13.633968,19.231932,3.5276701
-10.147159,11.032481,4.2086873
2.3426998,6.5922484,4.8216033
-5.7886477,-7.43671,-11.032481
1.1849703,13.443283,13.0619135
2.4516625,10.56939,-1.2258313
-9.493382,12.598822,-6.742072
11.686258,18.619015,3.173541
-6.469665,12.489859,5.6660647
2.1792557,19.463476,3.990762
7.4639506,19.19107,0.3405087
11.727119,16.3989,4.2495484
-5.434519,-10.501288,-11.372991
7.8861814,17.120777,10.460427
-13.375181,0.95342433,-10.18802
9.466142,0.8036005,1.2666923
-6.0882955,12.026767,-4.2086873
3.486809,9.765789,-3.5957718
10.651112,19.463476,2.4925237
9.697687,14.519291,5.2165933
-2.8330324,11.141444,-1.9885708
8.771504,3.8273177,-4.2086873
8.853226,14.982383,5.284695
0.9942854,14.015338,-3.405087
-10.691973,19.57244,5.6660647
-4.2495484,-5.325556,-3.568531
10.991621,19.57244,2.1792557
-2.7513103,12.639683,4.7943625
-5.09401,-1.0351465,-1.2666923
-6.469665,12.830367,0.95342433
10.882658,17.2025,5.325556
-9.384419,12.067628,3.445948
3.5276701,3.8273177,5.012288
7.8861814,17.352324,3.2961242
3.7864566,2.2609777,2.7649305
-0.84446156,6.973618,10.147159
1.2258313,0.6537767,-6.1291566
-2.2201166,12.217452,5.175732
-5.47538,9.888372,1.6889231
1.8387469,1.3756552,3.486809
-5.5162406,19.57244,2.4925237
6.4424243,17.692831,4.7943625
-0.27240697,1.4165162,3.3778462
7.1234417,19.231932,0.313268
2.8738933,12.489859,5.243834
-6.66035,10.419566,3.8273177
-3.568531,-7.7363577,-6.0201936
4.5219555,19.463476,1.7297841
0.61291564,13.33432,6.510526
10.882658,2.9556155,1.7297841
-3.9090397,-3.214402,-0.27240697
3.718355,15.28203,8.662541
7.9679036,2.3699405,1.879608
2.1111538,12.871228,-3.445948
-9.888372,19.57244,5.6660647
-4.2495484,6.3607025,-7.9270425
15.595298,18.34661,4.0588636
2.9556155,6.1700177,5.243834
7.3549876,-0.9942854,2.6423476
8.158588,13.184497,6.0474343
-3.9771416,-5.8567495,-6.0474343
7.9270425,0.50395286,2.4516625
2.5333846,3.405087,1.1849703
-1.607201,19.57244,5.8567495
-0.29964766,12.408136,6.0882955
-3.255263,10.419566,3.5957718
-1.7570249,12.721405,11.795221
-4.3312707,13.375181,3.445948
9.343558,1.4165162,2.070293
-3.7864566,19.531578,-3.445948
-1.1168685,19.57244,5.243834
14.601013,17.62473,4.671779
5.47538,4.7943625,5.8976107
5.706926,1.920469,3.0645783
2.4925237,11.073342,-0.040861044
7.7772183,14.669114,6.6331096
7.504812,3.7864566,3.8681788
4.440233,1.6889231,3.759216
-1.7297841,-6.0201936,-3.255263
1.2258313,16.698545,12.408136
-6.2789803,10.61025,-3.255263
11.536434,18.0061,3.568531
-2.982856,8.921328,5.2165933
9.847511,1.2258313,1.3075534
-0.53119355,19.57244,4.8216033
-2.4925237,-7.205164,-5.8158884
5.09401,6.510526,-3.486809
11.645397,18.237646,3.1054392
3.486809,2.7649305,3.759216
5.053149,19.57244,3.486809
-0.0,-8.471856,-7.3141265
3.5276701,17.079916,9.343558
5.175732,10.61025,-3.9090397
10.760075,15.595298,5.366417
-3.8273177,11.958665,2.9556155
8.008764,3.445948,3.7864566
3.173541,12.762266,-2.4516625
0.7218784,6.932757,-4.0180025
3.1463003,11.114203,-1.9885708
3.445948,14.818938,-1.607201
3.990762,14.601013,-3.636633
10.419566,18.918663,3.1054392
-1.4573772,-10.651112,-10.56939
-6.851035,6.8237944,7.0553403
-2.070293,4.944186,-5.597963
5.09401,13.33432,-2.2609777
8.117727,4.2495484,4.9850473
7.3141265,-0.040861044,3.568531
-12.912089,19.57244,-2.1792557
6.3607025,11.413852,5.5571017
-0.9125633,10.337844,-2.3699405
10.147159,1.879608,2.6832085
4.6036777,1.920469,4.671779
10.760075,15.745122,4.6036777
-8.430995,10.991621,-8.267551
4.862464,3.990762,-2.7921712
4.399372,19.531578,0.88532263
9.112013,5.012288,3.718355
10.079058,18.918663,5.012288
-4.944186,-8.390134,-8.62168
4.9850473,16.358038,-1.4982382
-6.0201936,13.484144,3.5957718
5.7886477,4.9850473,6.2789803
6.1700177,0.8036005,4.0180025
3.2961242,15.6634,-1.8387469
-4.671779,13.143636,5.053149
7.082581,1.7297841,1.4573772
2.152015,3.8273177,1.1849703
-3.568531,-7.4639506,-4.903325
-5.012288,-4.7535014,-7.3958488
3.6774938,19.422615,2.6014864
0.27240697,7.205164,5.9793324
9.343558,2.0294318,1.0760075
-3.8273177,-6.6331096,-6.4015636
-1.1441092,-0.08172209,-7.273266
0.42223078,11.413852,5.325556
8.894087,2.6014864,1.4982382
5.706926,0.3405087,2.3018389
9.275456,15.826844,3.9499009
0.3405087,6.1700177,6.782933
0.5720546,5.829509,6.469665
1.1849703,5.243834,6.5513873
0.46309182,5.09401,7.273266
0.040861044,5.366417,7.0553403
0.08172209,5.366417,6.851035
0.08172209,5.09401,6.932757
-0.5720546,5.7477865,7.082581
-0.27240697,5.2165933,7.5865335
0.10896278,5.012288,7.246025
0.42223078,5.053149,6.782933
0.7627395,10.501288,1.8387469
0.9942854,8.662541,1.7297841
0.23154591,9.615966,1.7978859
1.1168685,9.302697,1.8387469
0.7218784,9.302697,2.0294318
0.53119355,10.378705,3.255263
1.4573772,8.962189,2.5606253
1.607201,8.689782,3.636633
1.0351465,8.308413,3.336985
0.38136974,8.390134,3.1463003
1.0351465,7.668256,4.2904096
1.2666923,8.580819,5.053149
2.070293,6.932757,5.2165933
-0.84446156,3.9499009,2.3018389
-0.7627395,11.182305,1.7297841
7.504812,14.328606,4.5219555
1.2258313,13.0619135,3.2961242
-0.88532263,2.9147544,0.42223078
0.040861044,19.381754,1.4982382
1.3756552,4.399372,2.1111538
-3.1463003,0.08172209,-2.1383946
1.3075534,8.894087,-1.1168685
4.5628166,15.173067,3.636633
-2.8738933,10.079058,4.3312707
0.7627395,0.92618364,1.4165162
-0.23154591,19.57244,5.47538
-1.7978859,1.0351465,-0.9942854
-0.88532263,9.534244,8.962189
11.372991,18.34661,3.0645783
-1.0351465,12.299174,4.903325
0.53119355,1.9477097,1.4573772
-4.630918,19.57244,-0.0
3.9090397,3.486809,3.0237172
-5.6660647,-0.7218784,-3.336985
-3.9499009,12.367276,-8.076866
6.510526,19.531578,7.3958488
5.47538,3.9499009,0.53119355
1.4982382,13.906375,-3.1054392
9.343558,9.507003,3.990762
-7.04172,-5.134871,-9.615966
-10.106298,10.419566,-11.495573
3.990762,18.659876,5.407278
5.8567495,5.7477865,1.7978859
1.4165162,10.56939,-2.8330324
12.340035,12.830367,4.0588636
-9.888372,-6.5922484,-11.686258
-6.5922484,15.28203,-10.378705
6.0474343,19.000385,3.759216
5.6660647,3.759216,2.9556155
2.982856,1.4573772,3.5957718
-4.140586,19.57244,1.879608
-0.10896278,2.4108016,0.27240697
-1.9477097,4.440233,3.0645783
1.1441092,14.328606,-7.6273947
6.8237944,18.891422,5.706926
3.445948,5.09401,2.7649305
0.7627395,19.531578,-4.5628166
2.9147544,0.040861044,0.84446156
1.9885708,12.408136,-6.8237944
4.9850473,19.082108,7.1234417
0.14982383,2.9556155,0.14982383
-2.1383946,19.57244,7.3549876
-5.9793324,-3.8273177,-5.134871
5.2165933,12.367276,11.604536
12.53072,15.6634,1.1849703
0.23154591,13.797412,5.47538
8.812365,2.1792557,2.6832085
1.2258313,9.043911,-0.19068487
-1.525479,19.57244,2.8330324
0.50395286,6.973618,7.43671
-3.718355,11.727119,-6.0201936
1.8387469,16.657684,-0.9942854
1.5390993,3.173541,5.134871
-1.4573772,4.0180025,1.5390993
0.7627395,19.381754,-4.140586
7.9679036,9.997335,3.5957718
-4.0180025,-4.2495484,-6.973618
-6.0474343,15.050485,-9.697687
3.336985,18.537292,4.2086873
8.662541,1.7570249,2.9147544
0.92618364,5.7886477,0.53119355
-0.53119355,19.531578,-1.1849703
-3.1463003,12.721405,-5.325556
10.841797,14.015338,-3.486809
1.879608,17.2025,1.0760075
-1.3756552,5.7886477,5.2165933
-0.14982383,-0.42223078,-1.879608
2.5333846,9.302697,11.372991
12.108489,18.891422,3.636633
2.9147544,15.554437,5.366417
8.076866,1.1441092,3.173541
1.879608,8.662541,0.46309182
-4.372132,19.57244,-2.2609777
10.991621,19.15021,3.1463003
1.607201,7.5456724,8.662541
9.956474,16.08563,4.2086873
-1.1849703,11.795221,5.053149
1.607201,11.563675,-2.2609777
-2.4516625,19.57244,-0.9125633
-7.04172,-11.223166,-13.1708765
-4.2086873,12.258313,-6.0882955
6.782933,18.537292,-0.5720546
-2.0294318,16.358038,4.7943625
8.689782,1.4573772,0.53119355
-3.255263,19.272793,-6.2108784
12.53072,11.304889,3.336985
14.09706,18.428331,2.3699405
3.214402,17.815414,4.671779
7.164303,0.8036005,0.19068487
12.258313,15.322891,4.671779
5.012288,10.95076,2.6832085
8.62168,17.120777,2.4108016
-3.405087,12.9529505,2.5333846
1.4573772,3.0645783,3.636633
-1.6480621,19.57244,-1.920469
5.6252036,1.9885708,3.1463003
-2.8330324,0.84446156,2.7921712
7.1234417,2.4516625,0.53119355
0.88532263,16.43976,-4.7943625
12.067628,11.413852,3.0237172
-7.9679036,-9.697687,-13.824653
-4.9850473,10.651112,-8.008764
1.2258313,13.6748295,-0.7627395
-0.9125633,5.175732,3.718355
-1.3756552,5.053149,0.92618364
-3.0237172,19.57244,-4.099725
4.9850473,5.6660647,2.982856
-5.706926,-8.853226,-5.938472
4.372132,11.536434,1.4165162
5.434519,16.930092,-0.8036005
-4.0180025,7.082581,2.9556155
6.510526,2.3426998,3.0237172
6.932757,17.311462,-3.0645783
-2.7240696,19.531578,5.284695
0.27240697,2.070293,2.3699405
3.405087,6.5922484,-5.202973
-9.193735,8.730643,3.718355
6.973618,3.486809,1.8387469
5.706926,11.645397,-0.9942854
9.80665,18.768839,3.214402
-7.3958488,-11.75436,-14.206022
2.3426998,19.15021,-4.862464
17.079916,18.305748,3.445948
0.23154591,4.2086873,3.636633
2.8738933,5.6252036,-0.9942854
8.580819,19.231932,3.5957718
-6.2789803,-8.499097,-7.082581
4.399372,16.167353,2.4925237
8.240311,15.745122,-1.9477097
-4.5219555,9.765789,3.568531
-0.040861044,2.8330324,3.759216
-2.4108016,19.531578,5.8976107
-5.202973,-4.630918,-3.1054392
7.0553403,16.657684,11.413852
2.9556155,11.34575,-4.903325
-5.8976107,11.073342,2.8330324
7.6954966,3.1463003,2.9556155
-2.5333846,19.15021,-3.255263
13.484144,14.328606,1.9477097
6.5922484,17.2025,12.176591
7.5456724,11.141444,-3.9771416
12.489859,16.126492,5.175732
4.0588636,0.84446156,1.6889231
-5.706926,-9.384419,-12.108489
-7.273266,12.217452,-6.0201936
11.34575,19.531578,1.2666923
-7.6273947,11.264028,3.445948
1.607201,1.920469,2.8738933
-6.6331096,19.57244,-2.2201166
4.2495484,9.043911,4.0180025
-5.938472,1.4982382,-0.53119355
-0.27240697,7.014479,-7.04172
11.032481,14.246883,7.0553403
9.112013,1.56634,0.7218784
3.718355,12.762266,-3.0237172
-7.3141265,19.57244,4.5628166
12.871228,15.704261,3.8681788
-5.6252036,14.669114,-6.701211
16.467001,18.155924,1.9885708
-0.08172209,4.140586,3.173541
4.2086873,4.7943625,-1.3075534
7.3549876,19.57244,3.255263
-3.0645783,-8.689782,-5.407278
9.152874,13.021052,4.7535014
3.5957718,10.419566,-0.88532263
-2.4516625,4.7126403,2.4516625
1.1849703,4.1814466,-0.88532263
1.7978859,18.659876,2.4108016
-5.706926,-7.504812,-7.5865335
2.3426998,15.050485,1.607201
10.691973,18.196785,-0.42223078
1.6889231,4.4810944,3.445948
3.6774938,3.636633,-1.7297841
5.8567495,19.57244,3.5957718
-0.5720546,-9.234595,-6.1700177
5.597963,14.09706,4.862464
4.0180025,11.686258,-2.4516625
-7.04172,12.408136,3.9090397
0.7218784,1.4165162,3.0237172
4.7943625,12.299174,-2.1383946
-5.09401,19.57244,4.140586
12.408136,13.865514,3.0645783
-6.5513873,-10.501288,-11.9450445
-4.0588636,9.507003,-3.8681788
12.026767,19.381754,-0.3405087
3.5276701,3.336985,2.8738933
3.568531,0.84446156,3.9090397
-7.4639506,19.57244,-0.6946377
4.2086873,6.66035,3.1463003
-0.84446156,4.0180025,6.932757
0.50395286,1.2666923,-5.7477865
-0.61291564,12.408136,5.5571017
7.7772183,0.92618364,1.6889231
-7.3549876,-9.193735,-9.00305
3.0645783,16.167353,-0.14982383
10.800936,17.965239,-1.1441092
-7.3549876,12.762266,3.568531
10.079058,-1.879608,1.920469
-1.2258313,19.531578,3.173541
-2.7921712,-2.7513103,-1.1168685
5.09401,15.28203,4.2495484
5.09401,13.756551,-3.214402
-10.269742,13.824653,2.3018389
8.281172,2.5606253,2.6014864
1.2666923,11.536434,-2.1792557
-7.164303,19.57244,3.5276701
6.510526,11.182305,-3.9499009
-2.070293,6.0201936,4.7535014
8.430995,0.92618364,0.14982383
2.6014864,3.214402,3.336985
-9.765789,19.57244,2.5333846
15.745122,14.750836,2.5606253
4.099725,17.393185,3.214402
14.669114,19.19107,-1.334794
-3.636633,11.141444,6.5922484
8.580819,0.6537767,1.9477097
-1.9885708,19.381754,-3.173541
2.4108016,19.313654,4.099725
8.19945,8.281172,2.4925237
5.7477865,2.7649305,-4.3312707
-1.7978859,11.032481,6.66035
11.304889,0.6946377,0.040861044
13.988097,18.34661,1.9885708
6.3198414,8.689782,-4.4810944
-3.2961242,8.921328,1.9477097
6.469665,2.7649305,1.9885708
4.8216033,8.539958,-0.9125633
9.534244,18.278507,2.8738933
-6.0882955,-8.880466,-8.390134
3.5957718,16.43976,3.486809
9.765789,19.041246,-1.7978859
-5.053149,8.240311,3.173541
4.7943625,0.7218784,2.8330324
0.92618364,19.531578,3.5276701
8.730643,8.689782,2.4108016
6.851035,10.691973,-3.759216
-7.1234417,11.686258,3.5276701
6.1700177,3.0237172,2.6014864
-1.0760075,19.57244,4.4810944
3.8273177,11.985906,0.38136974
6.742072,18.0061,-2.1792557
1.6889231,15.28203,7.6273947
10.269742,0.5720546,1.3075534
-5.053149,19.381754,-2.8330324
-0.6537767,19.57244,2.7921712
8.580819,10.923519,3.3778462
10.337844,18.918663,-2.7240696
-1.3756552,7.164303,2.6423476
8.853226,0.95342433,1.4573772
-8.267551,19.57244,1.4982382
14.560152,16.88923,2.152015
2.8330324,9.466142,-3.8681788
6.2108784,19.109348,-2.070293
3.3778462,13.947236,6.932757
10.991621,0.95342433,0.7627395
-0.19068487,18.768839,-5.7477865
-4.862464,19.57244,3.7864566
-2.3018389,10.61025,-3.405087
6.4424243,18.918663,0.42223078
-5.8567495,9.043911,4.2086873
-4.7535014,19.57244,-3.1054392
6.469665,18.727978,2.0294318
-8.308413,11.182305,-8.689782
8.499097,19.531578,-0.14982383
-1.9885708,6.6331096,4.3312707
9.084772,0.95342433,0.5720546
-1.3075534,19.19107,-2.8330324
2.6423476,19.504337,3.8681788
12.4489975,10.501288,-3.445948
5.407278,15.976667,8.240311
12.108489,0.10896278,-0.23154591
6.66035,19.422615,2.2201166
2.3426998,2.6423476,2.1111538
-3.7864566,16.589584,-5.175732
-0.42223078,-1.1441092,-8.689782
-0.23154591,11.75436,5.8976107
9.615966,0.50395286,-0.0
-2.5333846,18.38747,-4.0180025
4.3312707,19.57244,3.8681788
9.765789,10.800936,3.568531
4.399372,11.223166,-4.5628166
-5.325556,8.076866,2.0294318
9.847511,3.336985,2.7921712
16.507862,14.369467,2.3426998
-1.4165162,13.293459,-1.9477097
9.343558,19.531578,1.2258313
3.2961242,12.598822,5.938472
9.615966,1.7570249,0.53119355
2.8330324,17.161638,-6.0882955
-7.9679036,19.57244,5.7477865
-8.580819,13.824653,-6.701211
14.328606,17.883516,2.7921712
4.2495484,3.1054392,3.9499009
1.9477097,1.3075534,4.5219555
-7.8589406,19.57244,0.61291564
4.2086873,2.5333846,2.152015
-2.2609777,4.0180025,2.4108016
5.366417,12.367276,-2.982856
7.5456724,14.437569,7.504812
8.580819,0.7218784,0.61291564
-0.84446156,18.496431,-5.5571017
0.53119355,19.531578,2.7649305
-0.19068487,8.076866,7.164303
-0.3405087,-2.6014864,-8.62168
13.756551,19.531578,2.6423476
-3.636633,9.724928,3.9090397
8.539958,2.2201166,1.7570249
3.6774938,0.84446156,2.6014864
-0.42223078,19.57244,3.8273177
-7.7772183,-11.304889,-14.982383
-7.504812,9.575105,-6.510526
6.851035,19.231932,0.08172209
2.1111538,5.2165933,4.0180025
6.3198414,-0.27240697,2.6014864
-2.2201166,19.272793,-3.9499009
0.46309182,19.57244,3.568531
-7.8861814,12.571581,-5.7477865
14.9006605,17.434046,1.4165162
-3.636633,11.114203,3.759216
6.973618,0.38136974,2.2201166
6.8237944,15.826844,11.372991
6.2789803,8.19945,-3.9090397
-4.1814466,11.686258,4.0180025
3.9090397,5.8567495,5.175732
3.0645783,5.134871,-0.61291564
4.944186,19.041246,1.3756552
5.8567495,4.399372,2.4516625
8.19945,5.053149,-5.134871
4.2904096,12.489859,6.4015636
9.384419,1.3756552,0.8036005
17.011814,14.437569,2.6832085
6.891896,14.859799,2.4925237
7.504812,16.780268,-0.7218784
-1.9477097,8.812365,1.9477097
2.5606253,0.9942854,2.9147544
-9.80665,19.57244,4.671779
-2.9147544,-4.1814466,-2.5606253
5.134871,15.050485,13.021052
2.1111538,6.0474343,-5.8976107
-7.082581,9.112013,3.255263
2.4108016,1.4573772,4.1814466
-6.973618,19.57244,-0.7627395
6.1700177,4.3312707,2.3699405
0.08172209,6.0474343,6.510526
7.246025,0.38136974,-5.284695
6.5513873,17.543009,-1.0760075
-7.5865335,10.119919,2.5333846
10.56939,0.38136974,0.040861044
1.1849703,17.079916,-5.175732
-1.7297841,19.57244,3.9499009
12.9529505,10.038197,2.9147544
4.3312707,9.343558,-6.0474343
-8.349273,10.419566,3.2961242
4.7535014,2.0294318,2.8330324
-8.390134,19.57244,0.10896278
7.6954966,19.15021,0.95342433
-10.419566,-11.413852,-14.206022
5.7886477,12.639683,1.1168685
8.62168,17.62473,-1.6889231
-3.405087,9.043911,4.4810944
10.923519,0.14982383,0.84446156
0.46309182,18.496431,-7.04172
-4.1814466,19.57244,2.9556155
13.252599,10.882658,1.6480621
6.6331096,2.9147544,-3.405087
-3.445948,11.114203,6.66035
-2.3018389,8.62168,3.8681788
-6.6331096,19.57244,-1.9885708
7.9679036,19.531578,2.152015
-11.75436,7.273266,-5.8158884
9.466142,19.463476,0.50395286
-6.3198414,12.176591,6.0201936
8.158588,-2.4108016,0.6946377
-6.891896,19.57244,-2.1383946
6.1700177,19.57244,1.9477097
10.56939,6.5513873,-2.9147544
1.920469,14.015338,4.6036777
14.9006605,0.23154591,0.50395286
-2.9147544,-3.0237172,-1.0760075
0.5720546,7.7772183,8.240311
4.372132,-4.372132,-4.4810944
0.313268,10.337844,4.944186
9.847511,1.1441092,0.84446156
3.636633,15.595298,-1.8387469
-4.5219555,19.57244,4.2495484
8.894087,8.430995,1.6480621
6.5513873,19.082108,1.0760075
-0.9942854,8.471856,3.405087
8.158588,0.19068487,-0.9942854
-0.46309182,19.381754,2.9147544
6.4424243,12.762266,4.0180025
3.336985,8.158588,-5.7886477
-8.880466,10.119919,2.4925237
12.026767,2.982856,4.099725
0.9942854,8.689782,-0.53119355
-8.158588,19.57244,0.8036005
-6.8237944,7.668256,-8.076866
6.3607025,17.352324,-1.879608
-5.366417,8.730643,4.5628166
-4.140586,19.504337,-3.486809
5.6660647,19.463476,1.4982382
-4.140586,11.645397,-3.445948
10.841797,18.537292,-0.08172209
-4.7535014,13.021052,2.152015
10.56939,0.84446156,2.070293
2.982856,15.595298,-3.636633
-3.2961242,19.57244,2.8738933
-10.147159,8.662541,-0.38136974
10.269742,19.531578,1.1441092
-8.19945,10.079058,6.0882955
6.469665,1.0351465,0.88532263
4.7943625,8.730643,-0.19068487
-6.4015636,-6.3198414,-5.202973
-1.2666923,-0.7218784,-1.3756552
-2.2201166,11.645397,2.2609777
15.213928,16.88923,2.8330324
10.228881,3.1463003,2.9556155
4.9850473,14.328606,-4.9850473
-7.4639506,19.57244,3.445948
9.343558,19.109348,-0.08172209
-2.1383946,9.384419,3.5276701
9.956474,2.5333846,1.334794
-1.9885708,3.9499009,6.4424243
-5.202973,15.5135765,-3.9499009
13.715691,19.422615,0.92618364
1.1168685,6.932757,3.486809
7.082581,1.9885708,3.214402
-2.0294318,19.082108,-3.568531
4.2086873,19.313654,1.4165162
4.0588636,9.302697,-4.2086873
13.293459,16.507862,4.903325
7.205164,3.2961242,2.9556155
4.399372,15.241169,-4.4810944
-8.539958,19.57244,4.3312707
-2.8738933,-0.23154591,-0.53119355
2.8738933,13.0619135,12.14935
3.5957718,0.10896278,-7.6546354
-9.00305,11.727119,2.4925237
3.173541,1.8387469,4.372132
-7.273266,19.57244,5.175732
-5.47538,-4.862464,-0.50395286
4.7943625,15.976667,10.882658
4.4810944,-0.19068487,-6.8237944
-5.366417,11.985906,5.012288
7.7772183,1.2258313,3.3778462
-7.273266,19.57244,-4.8216033
9.084772,19.463476,0.46309182
6.3607025,14.941522,-2.9556155
2.7921712,13.252599,7.668256
8.853226,1.7978859,1.6889231
2.6014864,1.7978859,2.1792557
5.325556,18.659876,2.6014864
5.597963,4.099725,3.0645783
0.84446156,0.6946377,-5.407278
6.932757,12.789507,6.4424243
7.5456724,2.070293,1.4165162
3.759216,4.099725,1.9477097
-0.50395286,19.57244,2.4925237
9.997335,13.211738,3.5957718
7.273266,0.6537767,-2.6423476
0.10896278,13.293459,7.164303
10.079058,2.4925237,-0.0
-3.214402,19.15021,-4.440233
9.507003,13.484144,2.6832085
-4.2904096,-8.008764,-9.234595
-0.5720546,16.467001,-2.3699405
11.876944,16.208214,4.7943625
10.882658,1.7978859,0.7218784
4.7943625,15.472715,-5.434519
-7.1234417,19.57244,5.706926
7.1234417,17.474907,-1.607201
-6.238119,8.962189,2.9556155
11.413852,3.336985,1.8387469
4.903325,13.293459,-3.5276701
15.935807,15.976667,3.568531
-4.2904096,-11.727119,-10.378705
-6.742072,13.865514,-4.7126403
16.317177,17.815414,2.4925237
0.6537767,6.973618,4.7535014
2.3426998,6.1291566,0.61291564
5.053149,19.57244,2.0294318
1.4573772,4.9850473,1.9477097
-4.862464,18.578154,-3.8273177
0.5720546,-5.938472,-6.701211
13.593107,19.231932,-0.5720546
-2.3426998,6.6331096,4.2904096
2.9147544,3.405087,2.152015
3.8273177,19.531578,2.8330324
6.3607025,8.853226,4.1814466
-6.742072,-5.938472,-6.3607025
-6.891896,1.8387469,-2.2201166
10.95076,9.112013,2.2201166
8.771504,2.4925237,3.0237172
2.7240696,11.454713,-2.3426998
-9.152874,19.57244,2.3426998
8.349273,16.017529,-4.0588636
12.571581,17.270601,5.7886477
9.615966,2.6014864,0.19068487
1.334794,3.0645783,3.8681788
-4.5900574,19.57244,4.0180025
-5.7477865,-2.1111538,-0.27240697
-0.3405087,10.882658,10.923519
0.95342433,-1.4165162,-7.164303
-6.428804,9.888372,4.7943625
5.175732,-0.14982383,4.3312707
-7.8180795,19.57244,1.4573772
9.466142,18.700737,2.3018389
11.454713,8.281172,-2.2201166
0.6946377,13.865514,7.0553403
11.073342,1.6480621,0.23154591
-4.4810944,0.313268,0.38136974
-3.759216,7.246025,6.469665
-8.19945,11.073342,-6.4015636
8.281172,18.34661,-1.9477097
-0.10896278,5.243834,1.607201
7.1234417,-0.7218784,1.6889231
-2.1111538,19.19107,-2.3699405
0.88532263,19.109348,2.3018389
4.2086873,12.639683,-1.9477097
-1.6480621,8.076866,2.1792557
8.812365,1.2258313,0.7218784
-7.5865335,19.57244,-1.3075534
9.575105,18.115063,3.8681788
7.0553403,18.237646,10.119919
9.275456,12.026767,-4.4810944
-7.3549876,14.669114,3.173541
10.18802,1.5390993,2.070293
3.173541,2.7649305,3.214402
-5.47538,19.57244,4.399372
11.958665,13.797412,3.2961242
10.760075,14.7916975,3.445948
1.607201,12.340035,-2.9556155
10.419566,15.826844,7.3958488
2.4108016,4.7126403,3.3778462
6.0474343,0.61291564,0.95342433
-5.284695,19.57244,0.19068487
5.366417,12.067628,12.258313
-9.888372,8.158588,-5.366417
9.915613,19.531578,1.2666923
8.008764,1.1849703,0.5720546
0.08172209,8.921328,-1.9477097
-7.6273947,19.57244,0.10896278
9.765789,18.496431,3.173541
2.070293,18.537292,-2.8330324
18.727978,19.463476,2.070293
-2.3018389,10.651112,4.0180025
1.1849703,19.57244,0.46309182
10.95076,16.358038,3.9499009
-8.117727,-6.1700177,-5.5571017
-5.6252036,13.593107,0.46309182
-0.040861044,8.853226,-7.8589406
-12.258313,11.073342,3.568531
6.5513873,2.3426998,3.0237172
-0.29964766,8.730643,-0.8036005
-9.302697,19.57244,-1.0760075
3.5276701,1.7978859,-4.903325
13.797412,19.340895,1.7297841
0.84446156,6.5922484,3.214402
-6.2789803,-13.443283,-11.645397
2.6832085,16.317177,-2.1111538
-0.6946377,-0.29964766,-2.3018389
9.043911,11.182305,5.09401
10.378705,1.0351465,1.3756552
1.1849703,18.46919,-5.243834
-1.6480621,19.531578,3.718355
3.255263,-0.3405087,-6.1700177
2.1111538,8.812365,5.829509
12.789507,0.88532263,0.7627395
4.7126403,15.745122,9.697687
3.7864566,11.563675,-4.903325
-10.800936,11.141444,3.2961242
8.076866,6.0474343,5.243834
6.5513873,7.43671,-0.6946377
13.824653,18.196785,-0.040861044
-7.504812,12.598822,-3.5957718
7.9679036,6.891896,-6.238119
-8.19945,7.6273947,1.334794
10.991621,3.255263,2.0294318
-2.7513103,19.531578,4.1814466
-11.795221,-11.264028,-12.598822
-1.7978859,1.8387469,1.607201
-0.19068487,14.137921,-2.982856
13.021052,17.434046,5.9793324
11.645397,3.255263,1.1168685
5.9793324,15.023244,-6.1291566
15.213928,15.745122,2.0294318
-7.3958488,-13.143636,-14.47843
-9.956474,9.084772,-5.6660647
12.176591,19.463476,0.7627395
6.2789803,4.7126403,3.3778462
3.1054392,0.3405087,4.140586
-5.407278,19.57244,-2.1111538
7.504812,19.504337,2.2201166
6.1291566,4.862464,3.0237172
9.615966,18.659876,-0.7218784
0.040861044,6.782933,4.3312707
4.5219555,3.7864566,2.2609777
4.944186,19.531578,1.4165162
10.923519,12.571581,3.7864566
-6.932757,-9.615966,-9.765789
7.164303,17.079916,10.501288
-5.47538,15.785983,-1.920469
4.8216033,14.1787815,-3.405087
-6.1700177,8.19945,2.6832085
1.8387469,3.0237172,5.407278
-8.539958,19.57244,4.5628166
-5.8158884,-3.445948,0.53119355
3.2961242,16.317177,12.53072
3.5957718,1.5390993,-6.5922484
-4.7943625,11.917805,5.2165933
8.308413,0.9942854,0.27240697
-7.164303,19.57244,-3.8681788
4.2086873,19.313654,0.27240697
-0.23154591,11.917805,-1.1849703
5.5162406,15.976667,-2.8330324
-7.164303,9.697687,3.336985
4.5628166,0.9942854,4.140586
-3.9090397,-1.525479,-2.4925237
6.5922484,12.571581,1.0760075
2.2201166,12.340035,-4.630918
10.882658,14.137921,5.243834
11.264028,3.5276701,1.4573772
3.9090397,15.745122,-4.1814466
17.393185,15.785983,2.982856
-7.04172,-11.413852,-12.14935
-7.014479,14.328606,-3.486809
14.137921,18.278507,1.4573772
3.445948,4.099725,2.8330324
3.9090397,1.4982382,1.7978859
0.6946377,17.270601,-1.0760075
12.980191,12.489859,4.2904096
-6.891896,-8.880466,-7.082581
6.973618,9.534244,6.0474343
10.800936,2.8738933,0.6946377
1.607201,10.269742,-2.1111538
10.732834,17.352324,0.92618364
-4.7943625,-12.408136,-11.563675
-3.1054392,9.302697,-1.9477097
8.730643,17.856276,-1.9885708
-4.372132,8.390134,4.671779
9.043911,1.3075534,1.6480621
-1.0351465,19.19107,-4.862464
13.947236,11.141444,2.9556155
-3.568531,11.686258,-4.630918
8.390134,16.167353,-4.2086873
-6.1291566,10.923519,3.7864566
5.134871,15.636159,-7.205164
-10.882658,19.57244,6.973618
-8.730643,-4.9850473,-7.1234417
4.903325,8.662541,-3.7864566
5.706926,13.33432,-4.099725
-7.246025,9.697687,2.2201166
4.7535014,1.7297841,4.6036777
2.7921712,17.052675,-6.973618
17.66559,14.328606,3.486809
-5.7477865,-11.563675,-12.598822
-8.471856,12.680544,-7.7363577
12.489859,19.000385,0.88532263
-8.580819,12.9529505,4.9850473
2.7649305,0.08172209,3.1463003
-7.8861814,19.57244,0.040861044
11.141444,18.700737,0.92618364
-7.04172,-7.9270425,-3.7864566
6.973618,15.554437,-3.759216
6.851035,16.630445,7.3141265
10.079058,4.2904096,1.6480621
3.5957718,-0.08172209,4.440233
-3.636633,19.531578,4.3312707
10.269742,8.240311,2.9147544
-5.202973,-0.040861044,-1.4982382
5.7886477,9.575105,-6.469665
9.575105,16.126492,7.43671
10.460427,4.8216033,0.84446156
6.0201936,14.1787815,-5.5571017
16.43976,16.657684,1.4982382
-5.8158884,-11.9450445,-11.686258
-8.008764,12.258313,-5.284695
8.62168,18.04696,-1.2666923
-4.1814466,5.284695,3.9499009
3.1054392,1.3075534,3.1463003
-5.407278,19.57244,4.3312707
-5.9793324,-4.9850473,-3.255263
3.1054392,15.363752,13.252599
8.158588,1.334794,-7.8180795
-6.238119,13.443283,7.7363577
8.430995,2.070293,0.14982383
-4.944186,19.531578,-3.173541
6.510526,6.701211,2.9147544
-5.012288,4.5219555,3.568531
-5.9793324,9.765789,-1.9885708
10.147159,17.733692,-2.4925237
1.607201,14.560152,7.4639506
9.507003,2.8330324,-0.14982383
3.8681788,2.7240696,1.7570249
2.6014864,19.463476,3.486809
-7.3141265,-7.164303,-4.099725
3.9090397,12.789507,3.5957718
4.944186,14.1787815,-2.1792557
-7.504812,8.689782,1.920469
1.1849703,2.3426998,4.3312707
-11.223166,19.57244,2.9556155
2.1111538,4.372132,1.7570249
-4.5628166,5.243834,6.2108784
-3.0645783,17.24336,-6.66035
17.270601,19.19107,-1.4165162
2.070293,4.140586,4.7943625
5.325556,1.0351465,2.7921712
2.152015,4.1814466,-1.7570249
-11.876944,19.57244,3.636633
6.0882955,1.7570249,-2.6014864
6.238119,11.536434,5.9793324
-7.9679036,11.727119,2.3699405
4.9850473,0.27240697,4.099725
12.912089,14.056199,2.6832085
9.575105,17.692831,8.689782
1.7297841,6.3607025,-5.284695
-5.8976107,13.021052,4.7943625
6.510526,0.08172209,1.9477097
-9.493382,19.57244,-3.405087
2.7921712,19.531578,1.4573772
-8.771504,5.2165933,-3.9090397
14.941522,14.246883,5.5571017
4.9850473,4.399372,3.8273177
0.5720546,9.534244,8.812365
11.645397,6.932757,-1.7978859
3.1054392,15.132206,7.205164
11.264028,1.5390993,-0.5720546
-0.6537767,18.0061,-6.0201936
15.363752,13.525005,2.9147544
-7.014479,-9.575105,-10.651112
-9.425281,10.038197,-4.0180025
12.258313,19.504337,-0.61291564
5.325556,3.405087,1.7297841
-2.3018389,7.205164,-1.4982382
10.460427,14.519291,3.0237172
-6.238119,-10.61025,-12.639683
-9.043911,7.082581,-7.273266
13.252599,19.381754,1.2258313
4.372132,4.671779,2.3018389
0.6537767,9.697687,-1.1849703
10.800936,16.358038,2.4108016
-5.407278,-12.639683,-12.340035
8.049625,14.1787815,9.724928
3.173541,1.0760075,-7.9679036
8.771504,19.19107,0.38136974
-1.3756552,10.95076,4.399372
9.152874,1.0760075,2.8738933
8.499097,19.381754,1.6480621
-8.349273,10.419566,-1.4982382
5.284695,14.519291,-2.5606253
-10.147159,14.206022,2.982856
0.19068487,15.745122,-5.202973
8.076866,18.087822,4.9850473
3.214402,11.413852,-3.0237172
-9.043911,16.317177,3.214402
4.140586,0.38136974,3.486809
-0.38136974,6.891896,-1.0760075
-5.8976107,19.57244,1.3756552
3.5957718,10.228881,10.228881
9.656827,6.701211,-2.8738933
3.486809,16.970953,-0.42223078
-7.5865335,10.501288,2.8330324
9.956474,1.607201,2.1792557
3.1054392,2.1111538,4.7126403
-3.8681788,19.57244,3.6774938
15.4046135,14.056199,1.607201
-6.2789803,-10.691973,-12.789507
3.9090397,13.906375,12.980191
7.5865335,5.134871,-4.372132
2.5333846,10.923519,5.829509
10.228881,0.46309182,0.95342433
2.5606253,2.3699405,3.718355
2.5333846,18.155924,-5.7886477
0.27240697,19.272793,4.140586
-4.7126403,15.322891,-5.5162406
14.2877445,19.463476,-1.8387469
-3.3642259,6.5922484,4.630918
3.718355,15.050485,-3.1054392
-3.336985,19.57244,4.903325
-6.6331096,-10.460427,-10.56939
-6.1700177,12.912089,-5.9793324
6.5513873,18.278507,-1.2666923
-3.214402,8.894087,2.9556155
11.645397,0.84446156,0.19068487
3.5276701,15.363752,-4.372132
-7.5865335,19.57244,3.990762
14.1787815,15.595298,2.5333846
-6.428804,12.9529505,-3.759216
3.5276701,4.6036777,-3.718355
-6.469665,11.454713,5.284695
7.5865335,0.38136974,1.3075534
2.9556155,4.671779,0.040861044
4.099725,19.57244,3.336985
-1.4573772,8.117727,6.510526
5.8567495,11.304889,-3.9771416
12.598822,14.410328,6.2108784
9.043911,2.5333846,1.6480621
0.10896278,1.6480621,4.2904096
-10.147159,19.57244,4.7535014
6.3607025,15.050485,4.5219555
-0.95342433,12.026767,-2.5606253
17.474907,15.4046135,1.920469
3.6774938,4.5628166,3.9499009
6.469665,9.425281,0.50395286
14.601013,17.502148,3.2961242
-6.0201936,-11.536434,-13.484144
-2.982856,16.43976,-6.742072
14.2877445,18.46919,-0.14982383
0.23154591,6.0201936,5.434519
5.8976107,2.070293,2.152015
4.5219555,16.780268,-3.3642259
-4.0180025,17.924377,4.7126403
11.604536,11.264028,2.7240696
-6.1700177,-8.049625,-7.7363577
-5.7477865,16.970953,-4.2495484
14.206022,18.918663,2.2609777
-6.1700177,8.62168,3.3778462
10.460427,1.1168685,0.61291564
4.7535014,2.1792557,2.0294318
6.4424243,19.504337,2.070293
-0.5720546,11.836082,11.34575
2.3018389,-0.10896278,-7.164303
3.6774938,10.923519,5.829509
-0.50395286,5.5571017,3.445948
4.7943625,2.5606253,0.42223078
-1.8387469,19.57244,3.173541
11.958665,15.785983,4.0588636
4.7126403,13.756551,-2.1111538
-7.9270425,10.841797,3.2961242
1.4573772,1.2258313,4.8216033
-8.730643,19.57244,2.0294318
4.1814466,3.6774938,4.9850473
-2.4108016,3.990762,4.5219555
10.310603,3.7864566,-5.47538
12.680544,12.026767,3.759216
-7.8861814,9.997335,3.336985
2.070293,4.140586,3.173541
-3.405087,19.57244,3.5276701
12.639683,13.525005,4.3312707
-2.8738933,13.375181,-0.19068487
9.234595,4.6036777,-3.6774938
-0.3405087,13.184497,5.8976107
-5.175732,7.504812,4.862464
11.032481,11.34575,4.2495484
-5.6660647,-4.944186,-2.9556155
3.8681788,16.04477,13.402422
5.47538,4.5628166,-6.1700177
2.2201166,11.645397,5.7477865
2.8330324,4.7535014,4.140586
7.3549876,-0.38136974,2.3699405
-7.7772183,19.57244,-3.7864566
10.61025,19.381754,1.56634
5.8976107,8.158588,3.173541
1.8387469,16.86199,-0.61291564
-1.9477097,6.3198414,3.9499009
-9.302697,19.57244,-3.1054392
-3.3642259,3.173541,3.1054392
6.3198414,12.217452,-5.938472
12.680544,15.050485,3.5957718
8.308413,2.3426998,1.4982382
3.486809,11.032481,-1.8387469
-11.304889,19.57244,3.5957718
14.137921,14.246883,3.990762
-5.407278,-1.7570249,-3.445948
1.0351465,17.393185,-2.8738933
15.826844,18.196785,2.7921712
3.1054392,3.445948,2.070293
3.990762,2.3018389,2.4108016
-1.8387469,19.272793,-0.9125633
6.0201936,12.912089,3.718355
-6.510526,-0.19068487,-1.607201
-0.88532263,11.686258,-3.486809
14.410328,13.906375,6.0474343
8.771504,2.9556155,0.38136974
8.158588,11.536434,-1.6480621
11.958665,17.352324,3.7864566
2.1111538,9.507003,-2.3018389
-1.4982382,7.6273947,3.6774938
3.9090397,-0.8036005,1.7570249
-5.175732,-6.891896,-7.1234417
-5.09401,13.988097,0.10896278
-0.38136974,1.879608,-9.043911
-8.049625,12.830367,6.701211
5.9793324,1.0760075,1.9885708
-8.921328,19.57244,-2.5333846
11.645397,18.918663,1.334794
-6.3198414,15.023244,-3.8681788
13.797412,19.109348,1.3075534
-3.1463003,5.8567495,3.486809
5.829509,0.6946377,1.8387469
4.1814466,19.531578,3.0237172
6.4015636,13.102775,8.894087
-3.8273177,14.1787815,-3.0645783
17.311462,16.657684,0.84446156
-0.84446156,11.645397,4.4810944
9.275456,1.3075534,0.8036005
0.95342433,17.543009,-3.486809
-4.862464,19.463476,3.9090397
-9.466142,12.340035,-4.2086873
9.615966,19.231932,0.6946377
-0.9942854,6.973618,4.5219555
-8.962189,19.57244,-3.0237172
10.528529,18.659876,1.4982382
0.23154591,11.114203,10.56939
-5.8567495,15.894946,-3.5957718
15.6634,16.276316,2.982856
-2.8738933,5.938472,4.0588636
10.119919,0.313268,2.2609777
-6.0882955,19.463476,-3.568531
3.0645783,19.57244,0.313268
5.134871,7.6273947,3.3778462
10.760075,19.504337,0.7218784
-2.3426998,6.1291566,3.990762
-2.6014864,19.340895,-4.2495484
3.0237172,19.15021,0.95342433
-4.372132,3.445948,5.8567495
-2.6832085,-3.173541,-6.1700177
6.4015636,11.372991,2.9556155
9.507003,1.7978859,1.2666923
4.2086873,12.789507,-2.7240696
-9.615966,19.531578,5.597963
-4.399372,11.073342,-4.5628166
11.645397,14.669114,3.568531
4.630918,3.5957718,1.334794
-0.10896278,10.419566,-2.070293
2.0294318,19.422615,2.9556155
1.6889231,-12.489859,-5.8976107
-10.501288,13.906375,-3.759216
8.730643,19.231932,-0.61291564
-0.61291564,7.668256,4.0180025
7.8589406,1.1849703,0.5720546
-5.134871,18.891422,-5.325556
-0.19068487,19.463476,3.568531
7.668256,12.830367,3.990762
5.5571017,19.109348,1.5390993
-7.9679036,10.119919,3.6774938
9.888372,0.7218784,0.53119355
-1.1849703,1.6889231,2.9147544
3.6774938,10.501288,8.390134
-0.8036005,0.92618364,-7.8861814
-7.5456724,11.495573,3.990762
6.973618,-0.10896278,2.6423476
-8.240311,19.57244,-3.214402
8.158588,16.88923,2.9147544
6.3198414,7.0553403,5.597963
3.759216,8.499097,-3.8681788
6.469665,11.073342,5.012288
7.504812,1.7570249,1.1168685
-4.099725,-12.340035,-10.7192135
1.9885708,16.317177,2.982856
-0.10896278,5.175732,-4.1814466
13.525005,12.571581,3.8681788
8.499097,2.1111538,2.1111538
1.4982382,17.66559,-6.2108784
-4.440233,19.57244,4.630918
14.669114,16.249075,2.982856
-0.6537767,-1.0760075,-5.8567495
5.5162406,9.425281,5.434519
-6.428804,9.888372,5.325556
4.7126403,2.9556155,3.405087
-4.7535014,19.57244,5.6660647
-4.099725,-2.3699405,0.53119355
-3.214402,7.6273947,8.390134
-0.38136974,-3.336985,-5.9793324
0.88532263,9.384419,5.366417
10.038197,0.23154591,-0.38136974
-1.879608,19.272793,-5.8158884
2.1792557,18.496431,3.3778462
-2.4516625,-5.7477865,-6.742072
-5.053149,10.95076,2.3699405
8.499097,0.6946377,3.1463003
-0.6946377,16.780268,-3.486809
12.489859,19.381754,0.14982383
2.152015,7.246025,4.399372
9.084772,0.46309182,0.84446156
4.399372,16.358038,-5.7477865
-7.6273947,19.531578,4.944186
-0.23154591,12.980191,-2.6423476
15.935807,16.017529,1.2666923
0.42223078,7.082581,3.5276701
-11.917805,19.57244,4.671779
-2.2609777,-10.079058,-10.61025
-1.8387469,15.023244,-0.7627395
13.525005,19.19107,-0.95342433
5.366417,5.053149,2.4108016
4.2904096,0.42223078,5.325556
-4.630918,19.57244,-2.7240696
7.3958488,16.589584,2.070293
9.193735,10.419566,4.6036777
16.507862,15.6634,-0.0
3.568531,5.7886477,3.6774938
5.6660647,1.607201,4.8216033
-11.795221,19.57244,3.445948
-1.7570249,-0.95342433,1.3756552
-0.7627395,10.95076,10.228881
-2.7921712,-3.445948,-5.9793324
-3.759216,11.645397,4.099725
5.9793324,0.08172209,3.9090397
-13.293459,19.57244,2.0294318
13.375181,16.821129,0.88532263
6.701211,13.565866,-2.5606253
-4.2086873,10.651112,2.7921712
5.325556,1.1168685,4.9850473
-5.9793324,-7.7363577,-8.117727
-0.46309182,11.223166,-3.568531
13.715691,15.023244,3.445948
1.4165162,6.4424243,3.486809
6.5513873,1.3756552,3.9090397
-11.985906,19.57244,-3.568531
9.575105,19.082108,1.1168685
11.073342,18.659876,-1.3075534
-3.0237172,8.539958,3.5276701
7.9679036,1.8387469,0.53119355
3.1463003,16.930092,-5.5571017
13.865514,16.208214,2.6423476
-3.1463003,-9.384419,-9.466142
0.27240697,16.017529,-3.405087
13.0619135,15.554437,3.636633
5.134871,3.6774938,2.3699405
6.782933,15.894946,-5.325556
14.818938,14.2877445,1.8387469
-4.671779,-5.202973,-0.8036005
-6.0882955,-7.8180795,-8.390134
-1.3075534,16.630445,-2.3699405
12.108489,18.700737,0.19068487
-1.7570249,9.575105,3.336985
7.014479,-1.9885708,3.336985
-9.888372,19.57244,-4.0180025
3.990762,18.537292,-0.46309182
9.915613,13.565866,3.990762
-0.23154591,-4.099725,-5.175732
-1.920469,9.656827,3.7864566
8.349273,0.14982383,1.879608
3.718355,18.659876,0.7218784
-3.0237172,-7.6546354,-7.7363577
1.9477097,8.076866,9.575105
-0.88532263,-1.2666923,-4.8216033
0.42223078,9.615966,3.3778462
7.082581,-0.88532263,2.070293
-0.6946377,18.278507,-5.134871
-2.3018389,19.531578,2.6423476
-0.50395286,16.017529,-3.486809
13.756551,18.237646,0.46309182
-5.938472,11.114203,3.718355
-6.0201936,-5.8567495,-2.2609777
5.706926,15.28203,7.082581
6.701211,12.871228,-2.2609777
13.824653,13.375181,3.7864566
4.671779,3.990762,3.2961242
4.630918,10.528529,-0.040861044
12.367276,18.38747,1.920469
2.1111538,7.8589406,2.3018389
4.3312707,3.214402,-3.5957718
8.62168,18.087822,-0.84446156
-2.3426998,7.9270425,2.4516625
-3.336985,19.463476,-3.5276701
4.3312707,19.422615,1.7978859
-1.9885708,9.384419,7.3549876
5.8567495,4.3312707,-2.7921712
8.349273,12.639683,4.2086873
8.62168,2.8330324,1.9477097
4.440233,14.628253,-3.3642259
-11.686258,19.57244,3.0645783
16.04477,17.352324,4.372132
2.6832085,16.930092,-1.7297841
16.317177,17.270601,-0.38136974
-0.95342433,7.5865335,5.407278
12.871228,-1.334794,-0.53119355
1.4573772,4.630918,2.070293
8.390134,7.246025,4.440233
-5.8567495,-1.6889231,0.46309182
4.7943625,8.349273,-3.568531
10.460427,13.593107,4.2495484
9.615966,3.5957718,3.1463003
5.366417,16.126492,-5.175732
-10.038197,19.57244,4.140586
3.0237172,1.2258313,-4.2086873
-5.706926,13.102775,5.6252036
11.032481,-0.8036005,0.88532263
3.5276701,11.223166,-1.334794
-4.2495484,-11.645397,-10.147159
0.88532263,10.760075,-0.08172209
5.5162406,11.264028,-3.3642259
-7.5456724,12.367276,3.1463003
7.5865335,-0.7627395,2.6014864
-10.691973,19.57244,3.0237172
16.589584,18.891422,2.8330324
0.42223078,0.23154591,-5.09401
-7.6273947,10.651112,4.0180025
7.3141265,0.84446156,1.0760075
4.2086873,9.80665,0.313268
-3.0237172,7.3141265,7.6273947
0.7627395,-1.7297841,-5.243834
-4.5628166,10.337844,6.5513873
-0.9942854,5.5162406,3.3778462
2.4516625,4.3312707,-0.50395286
-0.50395286,19.57244,1.879608
-6.510526,15.023244,-4.2904096
9.302697,18.578154,-1.7297841
-5.5571017,10.56939,4.140586
11.141444,1.1168685,0.46309182
3.8273177,1.7570249,3.2961242
1.879608,19.57244,1.4573772
13.565866,12.53072,3.2961242
-5.407278,-8.19945,-7.6273947
2.9556155,12.680544,4.862464
1.1168685,8.117727,-3.9771416
-6.2108784,9.997335,4.099725
5.5571017,0.0,2.4516625
-3.445948,19.531578,-4.944186
3.8681788,19.381754,1.334794
2.5333846,3.7864566,-5.366417
-4.7943625,10.95076,3.759216
-0.6946377,8.076866,5.325556
-9.997335,19.531578,4.1814466
-2.5333846,3.486809,5.5162406
5.366417,-1.6480621,-4.5628166
-1.1168685,11.413852,5.407278
-0.61291564,5.134871,5.366417
7.082581,1.1168685,1.4573772
-7.8861814,19.57244,-4.099725
5.325556,19.504337,1.920469
-0.14982383,16.780268,-3.3642259
13.443283,18.305748,-0.6537767
2.4925237,6.1291566,5.5571017
8.662541,-0.46309182,1.8387469
2.6423476,7.7772183,0.7627395
-4.7943625,-3.0237172,-2.6832085
8.499097,12.912089,-1.334794
6.782933,13.021052,-1.1168685
-7.8589406,12.176591,2.4925237
2.982856,2.4108016,4.5219555
-8.580819,19.57244,3.255263
1.4982382,5.7886477,3.486809
-3.5276701,3.445948,4.7943625
9.00305,7.8861814,-0.7218784
-0.61291564,11.645397,5.7886477
-1.3075534,7.3549876,4.5628166
3.759216,5.6660647,2.1111538
-8.499097,19.57244,-4.9850473
10.038197,19.109348,0.9942854
-2.1383946,0.9942854,0.38136974
-2.4925237,5.706926,-4.2495484
-6.1291566,13.715691,4.1814466
1.920469,5.9793324,5.366417
9.425281,18.537292,1.9885708
7.082581,8.471856,2.2201166
-3.759216,5.829509,1.3075534
2.3426998,12.4489975,-3.0237172
11.495573,15.854085,4.2495484
5.134871,-0.6946377,3.5276701
-10.460427,19.57244,-0.7627395
9.043911,19.19107,0.8036005
8.689782,4.4810944,-2.4108016
-1.1441092,10.651112,3.8273177
-6.0474343,9.534244,2.7921712
-13.293459,19.57244,0.42223078
14.519291,18.237646,1.607201
0.6537767,10.732834,3.7864566
9.343558,18.891422,-0.42223078
1.2258313,10.501288,4.1814466
10.147159,1.1168685,1.0760075
4.372132,2.7921712,5.366417
-4.7535014,19.57244,4.7126403
-0.84446156,10.269742,9.275456
2.070293,0.84446156,-5.134871
1.6480621,10.310603,5.407278
7.9270425,1.56634,-0.38136974
-8.390134,19.531578,-4.440233
6.469665,19.531578,1.56634
-6.0201936,-9.193735,-5.8567495
5.597963,15.132206,6.238119
1.920469,5.829509,-2.5333846
11.34575,12.489859,3.0237172
11.985906,1.1168685,1.334794
2.4925237,3.486809,4.6036777
13.756551,16.589584,4.140586
5.8567495,5.012288,-1.56634
6.2108784,11.073342,5.053149
10.18802,2.6014864,1.7570249
-10.038197,19.57244,3.336985
17.079916,16.467001,3.759216
2.3699405,17.393185,-0.7218784
9.997335,14.7916975,-3.336985
-7.082581,13.633968,2.4108016
7.273266,0.95342433,3.173541
-10.501288,19.57244,0.27240697
2.7240696,18.04696,-3.8681788
13.0619135,17.965239,-2.9147544
-5.5162406,11.876944,2.8738933
4.0588636,3.445948,4.4810944
2.982856,17.474907,-8.049625
14.410328,16.167353,2.6832085
-2.8738933,-11.454713,-8.430995
0.5720546,18.0061,-2.4516625
13.6748295,18.578154,-2.1111538
-3.759216,8.730643,4.862464
10.378705,0.38136974,-0.6537767
-2.0294318,18.700737,-5.7886477
-1.7978859,19.57244,3.2961242
15.636159,13.443283,3.2961242
4.399372,0.8036005,-4.3312707
0.7627395,11.536434,4.5628166
10.760075,2.1792557,1.2666923
4.7535014,3.990762,1.7570249
-7.7363577,19.57244,5.2165933
11.917805,18.196785,0.3405087
0.9942854,10.841797,11.413852
-4.3312707,10.991621,-4.5900574
17.434046,18.115063,-0.3405087
-0.7218784,7.8589406,4.7943625
8.894087,-0.6946377,1.56634
-7.504812,19.57244,-4.7126403
10.378705,19.082108,1.0760075
-3.6774938,-11.686258,-11.114203
-2.5333846,4.7535014,7.082581
-4.7126403,14.056199,-1.0760075
-2.7513103,9.302697,3.568531
10.882658,-0.84446156,-0.9942854
-2.1792557,19.57244,4.2904096
14.669114,16.698545,4.5219555
-4.7126403,2.3426998,2.9556155
6.0201936,9.888372,-1.7297841
6.4424243,11.413852,-2.5606253
-8.19945,12.067628,2.152015
10.119919,2.6014864,1.7978859
4.7943625,13.6748295,-5.284695
-10.310603,19.57244,4.671779
15.322891,17.733692,0.42223078
2.7649305,8.539958,-2.1792557
13.756551,12.680544,2.5606253
-5.202973,14.9006605,3.6774938
7.43671,-1.1168685,1.1168685
13.211738,12.067628,4.099725
9.234595,6.238119,-1.6889231
-0.6537767,12.14935,5.5162406
9.697687,1.4573772,0.8036005
-0.42223078,17.079916,-6.2789803
-5.597963,19.57244,3.405087
8.076866,14.859799,-1.4165162
13.593107,15.091345,4.2904096
7.273266,3.9499009,2.1792557
5.284695,13.6748295,-5.325556
14.859799,14.709975,1.9477097
-3.3642259,-10.228881,-11.495573
0.10896278,17.011814,-4.2904096
14.9006605,18.34661,1.4165162
-2.7921712,8.62168,4.671779
7.164303,0.23154591,1.4573772
-1.607201,18.659876,-3.336985
3.759216,19.57244,4.5219555
-3.9090397,14.560152,-5.597963
17.965239,18.38747,0.6537767
-2.7513103,12.026767,3.568531
1.0760075,16.589584,-6.4015636
-1.2258313,19.57244,4.2495484
5.597963,13.947236,13.525005
4.862464,10.419566,-4.630918
9.507003,12.789507,5.09401
9.00305,2.4108016,2.3426998
2.3426998,3.0237172,3.759216
-0.88532263,19.57244,5.7477865
-4.099725,14.750836,-8.19945
6.1291566,18.38747,-0.14982383
7.3141265,11.495573,4.6036777
9.507003,0.88532263,0.7627395
4.8216033,19.000385,1.4573772
7.082581,14.560152,10.310603
3.3778462,7.246025,-3.3642259
-4.5900574,10.841797,3.445948
6.8237944,1.3075534,1.3756552
8.62168,8.730643,-0.23154591
13.211738,18.578154,2.6014864
7.0553403,12.912089,0.61291564
-7.43671,14.015338,3.718355
5.434519,0.53119355,1.879608
12.789507,18.237646,3.3778462
-4.671779,11.141444,-3.486809
1.56634,1.6889231,-8.471856
4.0588636,11.645397,6.469665
10.228881,1.8387469,1.0760075
5.6252036,17.270601,-6.2108784
-7.3549876,19.531578,6.0201936
-3.255263,-6.2789803,-7.273266
-0.9942854,10.337844,4.1814466
11.727119,-0.27240697,0.040861044
4.7126403,17.543009,7.1234417
1.607201,4.7126403,-2.9556155
17.270601,16.208214,0.7627395
-3.7864566,9.507003,4.6036777
9.847511,0.38136974,-0.27240697
-5.5162406,18.850561,-5.325556
4.3312707,19.231932,2.8330324
-0.08172209,7.6273947,-0.61291564
4.5219555,7.1234417,-1.525479
-4.399372,11.917805,3.9090397
1.1168685,7.8589406,4.1814466
13.293459,18.04696,3.0237172
0.8036005,4.944186,2.1792557
-3.5276701,16.467001,-6.3198414
15.4046135,19.000385,-1.1168685
-4.7535014,8.962189,4.6036777
9.765789,0.313268,1.0351465
-7.8180795,19.57244,-4.9850473
-0.38136974,17.352324,-3.1463003
15.091345,18.918663,-0.3405087
-2.5333846,10.119919,3.9499009
10.923519,0.14982383,-0.23154591
6.2108784,6.5922484,1.2258313
-7.5456724,-11.223166,-8.921328
1.56634,15.241169,0.27240697
12.4489975,17.161638,-4.1814466
-5.012288,9.112013,2.1792557
6.238119,3.5957718,2.7649305
-7.43671,19.422615,-2.3018389
10.378705,11.495573,5.5571017
-7.164303,-4.4810944,-4.7535014
-0.7218784,15.023244,-1.6889231
9.384419,14.560152,-2.5606253
-6.469665,11.114203,2.9147544
1.334794,2.9556155,4.944186
-0.38136974,19.531578,4.7943625
-6.0474343,-6.469665,-3.0645783
-6.851035,-2.5333846,-4.2086873
2.0294318,5.597963,-2.7513103
12.980191,13.824653,4.372132
9.043911,2.3018389,1.1441092
5.47538,16.276316,-5.407278
-5.053149,19.57244,5.8976107
13.906375,15.826844,2.3018389
-7.04172,-7.04172,-2.5606253
3.7864566,14.9006605,5.284695
4.4810944,5.8567495,-0.5720546
11.073342,12.721405,5.053149
-4.903325,10.841797,2.070293
4.7126403,1.7978859,5.325556
-9.575105,19.57244,4.2495484
-0.0,1.5390993,1.7570249
-3.1054392,2.070293,3.0237172
6.973618,4.372132,-1.879608
13.375181,17.66559,-2.1792557
-7.246025,9.915613,3.405087
11.141444,0.42223078,0.7627395
1.8387469,17.965239,-1.0760075
6.5513873,10.61025,4.440233
-1.6480621,-6.5922484,-5.6252036
-1.879608,11.114203,4.8216033
9.384419,1.7978859,0.040861044
-6.6331096,19.57244,-4.2086873
13.633968,17.692831,-0.9942854
-5.243834,-10.419566,-8.158588
6.0882955,9.00305,0.38136974
6.2108784,12.176591,-3.173541
-5.597963,11.304889,3.405087
11.836082,0.53119355,0.53119355
-0.42223078,18.727978,-5.434519
0.313268,19.57244,3.718355
8.962189,9.765789,3.8273177
4.944186,11.536434,-2.3018389
14.137921,15.213928,3.5957718
5.366417,6.891896,4.8216033
-5.243834,19.57244,3.759216
17.24336,16.548723,3.759216
4.862464,13.33432,4.630918
3.9499009,8.471856,-3.173541
-5.6660647,13.143636,3.173541
3.568531,2.3426998,5.053149
2.4516625,9.997335,-0.040861044
9.656827,17.965239,1.6480621
-5.7477865,-7.5865335,-5.5162406
1.56634,16.08563,5.2165933
12.830367,17.474907,-1.6480621
-5.407278,8.730643,2.5333846
2.4108016,4.0588636,4.1814466
-0.6946377,19.504337,3.173541
-5.597963,-5.7477865,-3.5276701
2.3426998,14.7916975,11.141444
4.5628166,10.269742,-3.405087
-5.5571017,11.75436,3.9499009
2.7240696,1.6889231,4.0588636
-5.8158884,19.57244,5.8567495
-5.7477865,-3.214402,0.42223078
0.46309182,13.797412,11.958665
5.829509,-1.1168685,-3.5957718
14.519291,18.8097,0.61291564
1.879608,5.6660647,4.2904096
2.7649305,2.7921712,4.862464
-6.782933,19.57244,3.8681788
-1.2258313,0.23154591,1.4982382
-2.5333846,10.841797,9.656827
6.5922484,-1.1849703,-3.1054392
-3.636633,12.598822,4.7535014
6.3607025,2.6014864,1.4165162
-8.499097,19.57244,-3.1463003
5.5162406,7.7363577,2.982856
-5.597963,-12.5579605,-11.686258
-0.5720546,14.2877445,-4.2904096
11.563675,19.340895,0.14982383
-0.040861044,7.5865335,5.5162406
5.5571017,2.1111538,2.2201166
6.5922484,10.147159,0.46309182
-8.19945,-7.246025,-8.308413
-0.040861044,12.762266,-1.525479
17.311462,16.657684,-0.42223078
-6.701211,11.958665,3.759216
8.580819,1.6889231,0.6946377
-9.152874,-4.630918,-5.09401
-5.012288,14.2877445,-9.724928
6.238119,-3.0237172,-0.95342433
8.730643,18.305748,-2.7921712
-4.3312707,11.114203,3.0237172
11.958665,2.4108016,1.9477097
-3.5276701,16.507862,-4.1814466
8.471856,-0.8036005,-3.3642259
-4.671779,11.604536,3.9499009
8.349273,3.0645783,3.0645783
-5.47538,19.57244,5.434519
17.815414,17.883516,2.7649305
-0.040861044,8.349273,0.53119355
1.9477097,8.049625,-3.405087
-4.5900574,10.882658,2.3699405
3.9090397,0.040861044,3.6774938
-12.258313,19.57244,0.040861044
14.369467,19.109348,1.9885708
9.724928,17.352324,-0.14982383
-9.847511,13.525005,3.5957718
9.997335,3.173541,3.5276701
2.152015,19.57244,2.5333846
-6.510526,0.92618364,1.1849703
1.7978859,11.454713,1.0351465
9.302697,15.091345,-3.8681788
3.336985,13.0619135,3.5957718
10.269742,3.445948,1.920469
5.829509,16.630445,-6.973618
16.126492,13.988097,1.1168685
-6.782933,-12.176591,-11.645397
-4.2495484,15.363752,-7.205164
14.437569,18.278507,0.23154591
2.3426998,7.6954966,5.175732
5.6252036,13.184497,-0.7218784
12.789507,18.727978,2.3426998
-3.445948,-10.419566,-8.62168
0.3405087,15.050485,-2.1111538
5.366417,16.780268,-2.070293
-4.0588636,11.686258,4.0180025
2.4108016,-0.42223078,4.1814466
-6.851035,19.57244,4.9850473
16.930092,16.43976,2.7921712
-6.510526,-8.008764,-5.407278
3.1054392,10.691973,4.7535014
9.847511,2.1792557,0.38136974
2.6832085,14.246883,-3.173541
-4.140586,19.57244,5.7886477
-4.2086873,0.313268,1.2666923
-4.372132,4.140586,5.09401
10.732834,8.430995,-2.4108016
6.742072,12.14935,4.3312707
10.119919,3.255263,2.4925237
3.0645783,16.249075,-6.5513873
-8.308413,19.57244,5.5571017
15.173067,10.119919,3.445948
-9.084772,-0.7627395,-1.6889231
13.525005,10.119919,3.636633
4.399372,6.3198414,5.243834
8.240311,11.141444,-1.607201
-13.252599,19.57244,2.4925237
4.630918,6.5922484,3.0237172
-6.891896,-2.4108016,-2.7240696
6.932757,14.437569,-2.9556155
9.765789,12.408136,5.09401
8.812365,1.6889231,1.7297841
1.4165162,18.34661,-5.434519
-5.8976107,-11.032481,-11.372991
4.671779,15.322891,12.258313
5.597963,7.6273947,-3.405087
16.86199,13.947236,2.7240696
-1.879608,9.043911,4.140586
8.240311,0.84446156,1.334794
4.2086873,10.228881,1.1168685
-7.6546354,-0.5720546,-0.38136974
1.6889231,0.7218784,-3.8273177
7.5456724,11.223166,4.099725
9.425281,3.2961242,2.6423476
4.4810944,15.704261,-3.9090397
-7.9270425,19.57244,3.336985
15.6634,15.5135765,3.990762
2.1792557,13.988097,-2.7921712
15.132206,18.428331,-1.4165162
-3.2961242,10.269742,2.7649305
9.615966,-0.6946377,0.38136974
2.7649305,5.7886477,2.3699405
4.9850473,4.862464,3.5957718
-4.8216033,0.95342433,5.7477865
4.4810944,11.795221,0.53119355
5.7886477,12.912089,6.0474343
8.499097,1.8387469,1.7978859
3.486809,14.601013,-2.5606253
-7.4639506,19.57244,1.7978859
11.182305,17.120777,0.313268
0.50395286,14.09706,-2.9556155
12.980191,13.375181,2.7921712
6.238119,5.09401,4.0588636
0.040861044,11.34575,-0.6537767
-5.09401,19.57244,0.46309182
4.630918,1.334794,3.173541
-4.671779,13.715691,-3.6774938
7.1234417,3.486809,-5.284695
4.2086873,5.829509,6.0474343
3.1054392,13.906375,-5.053149
-10.106298,19.57244,6.0474343
0.38136974,-0.5720546,2.6014864
-5.434519,4.0588636,3.0645783
6.5922484,-0.23154591,-1.9885708
3.990762,11.75436,3.718355
11.073342,4.372132,2.5606253
5.434519,-0.3405087,2.8738933
-6.851035,19.57244,3.5957718
14.137921,18.305748,3.0645783
-3.405087,-1.9885708,-0.040861044
8.662541,15.173067,-3.0237172
-5.6252036,9.956474,2.7649305
10.61025,2.982856,2.7921712
-6.1700177,-8.471856,-8.049625
3.1463003,12.912089,4.399372
6.0474343,11.645397,-4.099725
-5.597963,12.108489,3.336985
4.903325,1.0760075,4.3312707
6.1700177,14.982383,-2.9556155
15.472715,17.079916,3.0237172
6.0201936,-0.5720546,-3.0645783
2.5333846,10.923519,5.012288
9.997335,2.2609777,0.8036005
4.630918,3.445948,3.405087
-6.0201936,19.57244,4.140586
-4.440233,-4.7126403,-0.53119355
-2.4516625,10.228881,8.662541
3.1054392,1.4165162,-4.372132
-4.2904096,12.4489975,4.944186
8.308413,-0.9125633,0.84446156
-10.691973,19.57244,-1.1849703
10.337844,19.531578,1.1849703
-0.040861044,0.6946377,0.9942854
3.214402,2.1792557,-4.3312707
0.6946377,11.536434,5.175732
11.985906,1.56634,0.14982383
-7.9270425,-5.8976107,-4.4810944
0.19068487,17.733692,4.3312707
7.6273947,15.023244,-2.7513103
10.800936,10.310603,2.4925237
4.0180025,5.053149,4.2904096
6.0882955,1.2258313,4.099725
-7.8861814,19.57244,-1.4573772
10.038197,18.891422,1.3756552
6.4015636,7.504812,2.6832085
4.2904096,16.208214,9.697687
3.255263,6.4015636,-3.9771416
-4.2086873,12.912089,4.5628166
10.18802,-1.4573772,1.2258313
13.824653,18.237646,2.3426998
-1.6889231,12.217452,10.119919
-0.29964766,-2.1111538,-6.428804
-0.0,11.114203,5.407278
7.8180795,1.0760075,1.607201
-6.891896,19.57244,-3.0237172
10.038197,19.463476,1.56634
8.158588,15.704261,-2.5606253
-5.175732,10.800936,2.3699405
9.112013,2.7649305,2.7240696
0.23154591,-0.46309182,1.4573772
-4.372132,5.2165933,6.3607025
-3.759216,10.841797,-2.070293
5.6252036,11.536434,-3.405087
-6.891896,11.985906,2.4516625
4.6036777,2.152015,4.7535014
-6.428804,19.57244,4.7126403
-3.486809,0.7218784,0.5720546
-2.3426998,6.238119,8.689782
-1.1849703,15.6634,-4.5900574
13.6748295,19.15021,0.50395286
0.313268,8.689782,5.243834
9.384419,0.53119355,1.334794
-7.43671,19.57244,-4.862464
6.5922484,19.504337,1.3075534
11.372991,10.18802,4.4810944
1.8387469,-0.27240697,-5.134871
10.460427,19.15021,-1.0760075
-8.008764,11.495573,3.2961242
4.3312707,2.1792557,5.134871
-4.4810944,19.57244,5.012288
-6.0201936,-4.5900574,-0.61291564
2.3426998,10.841797,8.158588
5.325556,8.962189,-2.6423476
14.47843,13.824653,3.759216
6.0474343,5.829509,5.053149
1.1168685,15.745122,-3.718355
15.132206,15.785983,3.445948
-7.6273947,-9.084772,-10.228881
-2.4516625,15.704261,-3.2961242
14.015338,17.474907,2.4925237
4.4810944,7.504812,4.399372
9.302697,13.102775,-2.9147544
15.023244,16.208214,1.607201
-7.164303,-12.489859,-11.686258
-0.6946377,14.7916975,-7.014479
12.639683,19.272793,0.53119355
-0.53119355,8.539958,2.8330324
2.8738933,4.944186,3.255263
-5.597963,19.531578,-4.862464
12.217452,12.830367,4.440233
-5.284695,-7.8861814,-8.049625
1.4982382,13.102775,-3.0645783
14.941522,15.554437,3.2961242
5.8567495,5.9793324,4.4810944
5.5571017,14.437569,-3.5957718
13.947236,14.246883,-0.0
-7.5456724,-11.495573,-12.721405
-7.4639506,12.721405,-1.8387469
10.501288,18.578154,-0.53119355
0.61291564,7.5456724,4.4810944
8.158588,-1.2258313,2.7921712
-1.525479,13.484144,-3.336985
17.352324,16.3989,1.334794
-4.5628166,10.800936,4.1814466
9.384419,-0.040861044,1.4982382
-10.56939,19.57244,0.53119355
11.917805,19.231932,0.95342433
7.504812,13.184497,4.399372
4.440233,2.3426998,-5.243834
-5.012288,11.182305,5.47538
4.6036777,-0.19068487,4.1814466
1.7978859,10.991621,-1.1441092
13.525005,15.241169,2.7649305
2.5606253,14.628253,-3.1463003
16.3989,17.161638,-1.1849703
-7.7363577,14.246883,6.851035
2.7649305,-0.19068487,3.3778462
-6.469665,-7.4639506,-5.5162406
5.7477865,12.026767,3.7864566
2.7649305,7.8589406,-3.405087
-7.246025,12.871228,4.903325
9.915613,-1.4165162,0.3405087
2.3018389,17.965239,-4.2086873
-1.6480621,19.531578,3.8681788
-5.9793324,14.437569,-6.2789803
13.824653,19.109348,-0.9125633
-0.9125633,7.5865335,3.255263
-1.7570249,19.422615,-5.7477865
-1.1441092,19.531578,3.1463003
3.3778462,10.95076,11.073342
0.040861044,-2.6014864,-6.932757
-4.903325,11.495573,4.5219555
6.851035,1.7297841,2.3426998
4.8216033,17.352324,-4.5900574
-3.255263,19.57244,4.7943625
9.697687,14.246883,4.0588636
-0.0,10.991621,-4.3312707
16.698545,16.276316,1.3075534
-1.334794,6.0882955,3.255263
-8.430995,19.57244,-2.2609777
9.275456,18.537292,1.607201
-3.568531,-8.771504,-8.240311
-8.730643,7.3549876,-3.445948
7.668256,16.970953,-1.1441092
2.070293,7.9679036,2.9147544
5.053149,0.313268,3.214402
0.27240697,19.231932,-2.3426998
1.6889231,18.8097,3.1463003
4.8216033,10.760075,-1.6889231
-4.372132,16.630445,4.2904096
4.0588636,4.5628166,4.9850473
-10.691973,19.57244,1.2258313
8.921328,18.727978,1.1441092
4.099725,10.61025,4.8216033
5.053149,5.09401,-3.336985
-5.597963,12.912089,5.7477865
7.6954966,-0.040861044,1.1849703
-3.8681788,19.57244,-2.4516625
6.782933,18.496431,2.3699405
5.5162406,-0.53119355,-5.407278
0.84446156,12.408136,5.597963
8.921328,1.3075534,0.53119355
-5.202973,-10.882658,-9.956474
1.56634,11.304889,9.384419
1.4573772,2.4108016,-4.5628166
-3.8273177,11.495573,4.671779
10.147159,1.0760075,0.3405087
1.7297841,18.659876,-5.175732
-4.140586,19.57244,3.3778462
11.182305,11.536434,2.8738933
-3.9499009,6.8237944,-0.42223078
4.9850473,12.367276,-2.6014864
-7.7363577,11.536434,2.7921712
-5.5571017,19.57244,-4.671779
-4.7535014,-11.141444,-10.56939
4.903325,17.733692,-2.7513103
13.947236,19.041246,-1.525479
-6.701211,9.425281,3.255263
10.079058,0.92618364,-0.08172209
-1.0351465,18.46919,-4.671779
5.134871,19.463476,0.6946377
13.021052,13.484144,4.7535014
6.238119,6.238119,-3.405087
-7.1234417,9.234595,3.7864566
5.6660647,4.7943625,2.5333846
3.990762,12.9529505,-2.7240696
11.563675,18.278507,1.3075534
-4.9850473,-7.8180795,-8.580819
2.3699405,11.876944,-0.9125633
6.0201936,17.270601,-1.920469
-4.1814466,7.246025,3.0645783
0.88532263,3.9499009,4.372132
-4.5900574,19.531578,2.6014864
-5.6660647,-3.1054392,-0.53119355
0.08172209,12.14935,12.980191
12.489859,8.349273,0.313268
9.615966,19.272793,-0.29964766
-3.8273177,11.985906,4.6036777
4.671779,-0.3405087,3.173541
-8.049625,19.57244,0.38136974
13.143636,18.38747,3.2961242
7.43671,15.935807,9.765789
0.8036005,15.213928,-2.1383946
15.5135765,16.017529,1.2666923
3.2961242,3.336985,1.4573772
4.630918,0.88532263,3.255263
12.789507,15.636159,2.8738933
-1.6480621,7.504812,10.18802
7.8861814,12.830367,-3.255263
13.947236,14.628253,0.38136974
-3.568531,8.281172,3.445948
4.2495484,-0.6946377,0.7218784
3.5276701,19.19107,-3.405087
-3.8273177,18.155924,-0.38136974
6.6331096,13.593107,2.9147544
0.6537767,16.821129,6.4424243
-6.782933,-4.0588636,-7.9679036
-3.568531,3.2961242,2.3426998
4.4810944,9.575105,1.0760075
6.2108784,9.00305,0.10896278
3.7864566,13.293459,-0.08172209
-4.0180025,17.434046,-2.3018389
8.076866,7.9679036,-1.3075534
-0.19068487,-0.46309182,-1.8387469
4.862464,14.47843,9.765789
-0.84446156,11.563675,5.053149
0.46309182,6.3607025,-2.6832085
-0.7218784,7.504812,2.0294318
0.7218784,9.656827,1.6480621
4.2495484,8.771504,-1.525479
0.6537767,11.141444,0.23154591
-0.3405087,11.141444,-1.4573772
0.6537767,8.962189,0.08172209
1.0351465,8.008764,1.3075534
0.6537767,10.269742,1.6889231
0.61291564,9.00305,0.7218784
1.7570249,8.962189,1.6480621
2.3018389,9.343558,1.1168685
1.334794,9.275456,1.1849703
1.3075534,10.269742,1.0351465
1.3756552,9.152874,1.920469
1.6480621,8.539958,0.8036005
0.9942854,10.119919,0.7218784
1.4165162,10.732834,1.1441092
1.4165162,9.915613,0.27240697
0.61291564,10.119919,0.040861044
1.3756552,9.80665,-0.46309182
1.3756552,9.697687,-0.42223078
2.6423476,9.888372,-0.0
2.5606253,9.466142,-0.08172209
1.4573772,10.882658,-0.6537767
2.4108016,9.534244,-0.50395286
1.4573772,9.193735,-0.53119355
